sex, from, grade, salary, cost, income, net_money, economic_pressure, cost_main, cost_way, electronic_option, luxury_option, game_option, music_option, star, financical_option, phone, computer, cream, email
Male, city, 1, 2055, 1153, 父母给予, 信用卡, yes, dict, online, 2, 3, 2, 2, 2, 1, xiaomi, 戴尔, 普通品牌, n4MDClc@126.com
Female, township, 2, 2321, 3711, 无, 美团月付, no, study, online, 3, 4, 2, 3, 2, 2, meizu, 华硕, 中档品牌, av7Rk@163.com
Male, city, 1, 2140, 3874, 父母给予, 信用卡, yes, dict, online, 2, 3, 2, 2, 2, 1, xiaomi, 戴尔, 普通品牌, TAve3X2yaoF@qq.com
Female, countryside, 3, 2957, 4836, 无, 无, yes, elec, offline, 3, 4, 3, 3, 2, 2, iphone, 惠普, 中档品牌, Xkc3FQSw@163.com
Female, township, 2, 5550, 3968, 无, 节呗, no, study, online, 3, 4, 2, 3, 2, 2, meizu, 华硕, 中档品牌, Ey35CBhRzw@sina.com
Male, city, 1, 2296, 1043, 父母给予, 信用卡, yes, dict, online, 2, 3, 2, 2, 2, 1, huawei, 联想, 普通品牌, AIL968q1@126.com
Female, countryside, 3, 3322, 4506, 无, 信用卡, yes, cream, offline, 3, 4, 3, 1, 2, 2, iphone, other, 中档品牌, EC5xK2GcS0@126.com
Male, city, 1, 1851, 934, 副业, 信用卡, yes, cloth, online, 1, 1, 1, 1, 1, 1, huawei, 联想, 普通品牌, Z4VjGoGf@163.com
Female, township, 2, 4617, 2595, 无, 花呗, no, funny, online, 2, 4, 2, 2, 2, 2, oppo, 苹果, 普通品牌, 8tDL3sYP@qq.com
Male, city, 1, 2277, 2448, 无, 花呗, yes, dict, online, 2, 3, 2, 2, 2, 1, xiaomi, 戴尔, 普通品牌, LJu2PE@126.com
Female, township, 2, 4631, 5554, 无, 节呗, yes, funny, online, 2, 4, 2, 3, 2, 2, oppo, 华硕, 普通品牌, kR7zH@163.com
Female, countryside, 3, 3512, 5252, 无, 无, yes, elec, offline, 3, 4, 3, 3, 2, 2, iphone, 惠普, 中档品牌, 75gPpovzwE@sina.com
Male, city, 2, 4183, 1499, 无, 花呗, yes, trval, online, 2, 4, 2, 2, 2, 1, xiaomi, 戴尔, 普通品牌, fg9VOQ7e@126.com
Male, city, 1, 2678, 3484, 父母给予, 信用卡, no, cloth, online, 2, 2, 1, 2, 2, 1, huawei, 联想, 普通品牌, N5lOfTP4xvr@qq.com
Female, township, 2, 3528, 5045, 无, 节呗, no, funny, online, 2, 4, 2, 3, 2, 2, oppo, 苹果, 普通品牌, B1nrE@sina.com
Male, city, 1, 2097, 3925, 信贷产品, 信用卡, yes, dict, online, 2, 3, 2, 2, 2, 1, xiaomi, 戴尔, 普通品牌, ucN2Wii@sina.com
Female, countryside, 3, 3186, 4200, 无, 信用卡, no, cream, offline, 3, 4, 3, 1, 2, 2, iphone, other, 中档品牌, zChTrE9@126.com
Female, countryside, 3, 2818, 4132, 无, 无, yes, elec, offline, 3, 4, 3, 3, 2, 2, iphone, 惠普, 中档品牌, 2zC7314P7@qq.com
Female, township, 2, 3362, 3033, 无, 美团月付, no, study, online, 3, 4, 2, 3, 2, 2, iphone, 华硕, 中档品牌, 4TqRxzK@sina.com
Male, city, 1, 2802, 4007, 无, 花呗, no, dict, online, 2, 3, 2, 2, 2, 1, xiaomi, 戴尔, 普通品牌, 0iVPtInt@sina.com
Male, city, 1, 2252, 1657, 信贷产品, 信用卡, yes, dict, online, 2, 3, 2, 2, 2, 1, xiaomi, 戴尔, 普通品牌, 9AUIxf@sina.com
Female, countryside, 3, 4255, 6062, 无, 信用卡, yes, elec, offline, 3, 4, 3, 3, 2, 2, iphone, other, 中档品牌, Lx6t0C6KiI@qq.com
Male, city, 1, 2913, 1003, 无, 花呗, no, trval, online, 2, 4, 2, 2, 2, 1, xiaomi, 戴尔, 普通品牌, z1SnYUeRpMg@126.com
Female, township, 2, 2776, 2526, 无, 节呗, no, funny, online, 2, 4, 2, 3, 2, 2, oppo, 华硕, 中档品牌, xjP4StGe@sina.com
Female, township, 2, 5394, 2375, 无, 花呗, no, funny, online, 2, 4, 2, 3, 2, 2, oppo, 苹果, 普通品牌, 0HXMPd@sina.com
Male, city, 1, 2193, 973, 父母给予, 信用卡, no, dict, online, 2, 3, 1, 2, 2, 1, huawei, 联想, 普通品牌, CNm4Hp5s@qq.com
Female, township, 2, 5588, 3052, 无, 美团月付, no, study, online, 3, 4, 2, 3, 2, 2, iphone, 华硕, 中档品牌, 7N2tS@qq.com
Male, township, 2, 2996, 3197, 无, 花呗, no, funny, online, 2, 4, 2, 2, 2, 2, xiaomi, 戴尔, 普通品牌, qkoe7W@qq.com
Female, township, 2, 5265, 2982, 无, 花呗, no, funny, online, 2, 4, 2, 3, 2, 2, oppo, 苹果, 普通品牌, C3H7STcv@qq.com
Female, countryside, 3, 5075, 3841, 无, 无, yes, elec, offline, 3, 4, 3, 3, 2, 2, iphone, 惠普, 中档品牌, j4h2pdX@126.com
Male, city, 1, 1684, 2439, 副业, 信用卡, no, cloth, online, 2, 2, 1, 1, 2, 1, huawei, 联想, 普通品牌, oUOr6mqSIx@126.com
Male, city, 1, 2714, 4580, 副业, 信用卡, yes, cloth, online, 1, 1, 1, 1, 1, 1, huawei, 联想, 普通品牌, 2GOUMmeXpt@126.com
Male, city, 1, 2536, 3715, 副业, 信用卡, no, cloth, online, 1, 1, 1, 1, 1, 1, huawei, 联想, 普通品牌, P1NNox@qq.com
Male, city, 1, 2582, 2358, 副业, 信用卡, yes, cloth, online, 1, 1, 1, 1, 1, 1, huawei, 联想, 普通品牌, vh7WQwE5u@sina.com
Male, city, 1, 2089, 4172, 副业, 信用卡, yes, cloth, online, 1, 1, 1, 1, 1, 1, huawei, 联想, 普通品牌, b5a3yA@sina.com
Female, countryside, 3, 3697, 6188, 无, 无, no, elec, offline, 3, 4, 2, 3, 2, 2, iphone, 惠普, 中档品牌, 7kt2EdB2r@163.com
Female, township, 2, 5048, 2711, 无, 节呗, no, funny, online, 3, 4, 2, 3, 2, 2, meizu, 华硕, 中档品牌, M074d7@163.com
Male, city, 1, 2137, 3668, 父母给予, 信用卡, yes, dict, online, 2, 3, 2, 2, 2, 1, huawei, 联想, 普通品牌, YIlV1xy@163.com
Female, countryside, 3, 5277, 3075, 无, 信用卡, yes, cream, offline, 3, 4, 3, 1, 2, 2, iphone, other, 中档品牌, lJ123TXvIW@126.com
Male, city, 1, 2434, 990, 父母给予, 信用卡, yes, cloth, online, 2, 3, 1, 2, 2, 1, huawei, 联想, 普通品牌, FIh1gK4Nh@sina.com
Male, city, 1, 1724, 3626, 副业, 信用卡, no, cloth, online, 1, 1, 1, 1, 1, 1, huawei, 联想, 普通品牌, awv8OhXOl@163.com
Female, township, 2, 3732, 4314, 无, 美团月付, yes, study, online, 3, 4, 2, 3, 2, 2, meizu, 华硕, 中档品牌, IYQ3Bq@qq.com
Male, city, 2, 5204, 4461, 无, 花呗, no, trval, online, 2, 4, 2, 2, 2, 1, xiaomi, 戴尔, 普通品牌, Ww9m1qYd@126.com
Female, township, 2, 5127, 5175, 无, 美团月付, yes, study, online, 3, 4, 2, 3, 2, 2, meizu, 华硕, 中档品牌, d7QSh2l9@126.com
Male, city, 1, 2175, 1841, 父母给予, 信用卡, no, dict, online, 2, 3, 1, 2, 2, 1, huawei, 联想, 普通品牌, Uwd3w6oKc4@sina.com
Male, city, 1, 1630, 2433, 父母给予, 信用卡, yes, cloth, online, 2, 3, 1, 2, 2, 1, huawei, 联想, 普通品牌, XyBaz2IhTAp@163.com
Female, township, 2, 4669, 4663, 无, 节呗, yes, funny, online, 2, 4, 2, 3, 2, 2, oppo, 苹果, 普通品牌, n3cMt0ci@126.com
Female, countryside, 3, 3956, 2572, 无, 信用卡, no, elec, offline, 3, 4, 3, 3, 2, 2, iphone, 惠普, 中档品牌, xHd55L0@qq.com
Female, countryside, 3, 3557, 2051, 无, 信用卡, no, cream, offline, 3, 4, 3, 1, 2, 2, iphone, other, 中档品牌, 37Mc5@126.com
Male, city, 1, 2660, 3139, 副业, 信用卡, no, cloth, online, 1, 1, 1, 1, 1, 1, huawei, 联想, 普通品牌, ALG6Avr@163.com
Female, countryside, 3, 5955, 4996, 无, 信用卡, no, elec, offline, 3, 4, 3, 3, 2, 2, iphone, 惠普, 中档品牌, oR2ik94h0@163.com
Male, city, 2, 2319, 2669, 无, 花呗, yes, trval, online, 2, 4, 2, 2, 2, 1, xiaomi, 戴尔, 普通品牌, jdNrSDZPh1@163.com
Female, township, 2, 5333, 3134, 无, 美团月付, no, study, online, 3, 4, 2, 3, 2, 2, meizu, 华硕, 中档品牌, AZJ0Wjn3TWQ@163.com
Male, city, 2, 3513, 2677, 无, 花呗, no, trval, online, 2, 4, 2, 2, 2, 2, xiaomi, 戴尔, 普通品牌, 6qKCG@qq.com
Male, city, 1, 1606, 1147, 副业, 信用卡, yes, cloth, online, 2, 2, 1, 1, 2, 1, huawei, 联想, 普通品牌, TS7Aa@qq.com
Female, township, 2, 4901, 3806, 无, 节呗, yes, funny, online, 3, 4, 2, 3, 2, 2, meizu, 华硕, 中档品牌, GBt3Uu@126.com
Male, city, 1, 2212, 2437, 无, 花呗, no, dict, online, 2, 3, 2, 2, 2, 1, xiaomi, 戴尔, 普通品牌, u3xSs8@126.com
Male, city, 1, 2366, 1958, 无, 花呗, yes, trval, online, 2, 4, 2, 2, 2, 1, xiaomi, 戴尔, 普通品牌, 4MDI0b@sina.com
Female, township, 2, 3550, 2746, 无, 花呗, no, funny, online, 2, 4, 2, 2, 2, 2, oppo, 苹果, 普通品牌, E1T7jQXjc@126.com
Male, city, 1, 2572, 3238, 父母给予, 信用卡, yes, cloth, online, 2, 2, 1, 1, 2, 1, huawei, 联想, 普通品牌, xkFG7U@qq.com
Male, city, 1, 2549, 4471, 父母给予, 信用卡, yes, cloth, online, 2, 3, 1, 2, 2, 1, huawei, 联想, 普通品牌, rnQNgeW7@126.com
Male, city, 1, 2346, 946, 副业, 信用卡, no, cloth, online, 1, 1, 1, 1, 2, 1, huawei, 联想, 普通品牌, 2nQrZ@qq.com
Male, city, 1, 2781, 2236, 父母给予, 信用卡, yes, dict, online, 2, 3, 1, 2, 2, 1, huawei, 联想, 普通品牌, ZdF2Q@126.com
Female, township, 2, 4058, 4629, 无, 节呗, yes, funny, online, 3, 4, 2, 3, 2, 2, meizu, 华硕, 中档品牌, Ri9Z3dK2aeU@126.com
Male, city, 1, 2092, 4241, 无, 花呗, yes, dict, online, 2, 3, 2, 2, 2, 1, xiaomi, 戴尔, 普通品牌, 0zEIxtdT@126.com
Female, township, 2, 2354, 2787, 无, 花呗, yes, funny, online, 2, 4, 2, 2, 2, 2, oppo, 苹果, 普通品牌, NWg2zo@sina.com
Male, city, 1, 1784, 2262, 信贷产品, 信用卡, yes, dict, online, 2, 3, 2, 2, 2, 1, xiaomi, 戴尔, 普通品牌, tHFW9@126.com
Female, countryside, 3, 4148, 1721, 无, 信用卡, no, other, offline, 3, 1, 3, 1, 2, 2, other, other, 高档品牌, FQVR7YBntry@126.com
Female, countryside, 3, 4574, 2757, 无, 信用卡, yes, elec, offline, 3, 4, 3, 3, 2, 2, iphone, 惠普, 中档品牌, 0VBpg9XJz@163.com
Male, city, 1, 2582, 3393, 无, 花呗, yes, dict, online, 2, 3, 2, 2, 2, 1, xiaomi, 戴尔, 普通品牌, 5QK7Dmm@qq.com
Male, city, 1, 2732, 1724, 副业, 信用卡, no, cloth, online, 1, 2, 1, 1, 2, 1, huawei, 联想, 普通品牌, iiX3X@sina.com
Female, township, 2, 4064, 4259, 无, 花呗, yes, funny, online, 2, 4, 2, 2, 2, 2, oppo, 苹果, 普通品牌, qQ7xGd@sina.com
Female, countryside, 3, 5135, 5695, 无, 信用卡, yes, cream, offline, 3, 4, 3, 3, 2, 2, iphone, other, 中档品牌, CDx10@qq.com
Male, city, 1, 1752, 1792, 父母给予, 信用卡, no, dict, online, 2, 3, 2, 2, 2, 1, xiaomi, 戴尔, 普通品牌, 8XKz6OkwD@sina.com
Female, countryside, 3, 4660, 4005, 无, 信用卡, yes, cream, offline, 3, 4, 3, 1, 2, 2, iphone, other, 中档品牌, xWk5uz8ImB@126.com
Male, city, 1, 1841, 2676, 父母给予, 信用卡, no, cloth, online, 2, 2, 1, 2, 2, 1, huawei, 联想, 普通品牌, f5LZKGa1RXt@126.com
Female, countryside, 3, 3473, 4258, 无, 信用卡, no, cream, offline, 3, 4, 3, 1, 2, 2, iphone, other, 中档品牌, hTlze22VL@163.com
Female, township, 2, 2820, 2338, 无, 节呗, no, funny, online, 2, 4, 2, 3, 2, 2, oppo, 苹果, 普通品牌, O1j8SP0@qq.com
Male, city, 1, 2507, 3264, 父母给予, 信用卡, no, dict, online, 2, 3, 1, 2, 2, 1, huawei, 联想, 普通品牌, jih5P7MwNFY@sina.com
Male, city, 1, 2376, 997, 副业, 信用卡, yes, cloth, online, 1, 1, 1, 1, 1, 1, huawei, 联想, 普通品牌, DnaDtq1@sina.com
Male, city, 1, 1882, 3437, 无, 花呗, yes, trval, online, 2, 4, 2, 2, 2, 1, xiaomi, 戴尔, 普通品牌, 522LwRWtc@sina.com
Female, countryside, 3, 3061, 3165, 无, 无, no, elec, offline, 3, 4, 3, 3, 2, 2, iphone, 惠普, 中档品牌, 79DibsBa@sina.com
Female, countryside, 3, 5443, 3607, 无, 无, no, elec, offline, 3, 4, 2, 3, 2, 2, iphone, 惠普, 中档品牌, BlJ8UWP8sZ@qq.com
Female, township, 2, 2959, 3106, 无, 节呗, yes, funny, online, 2, 4, 2, 3, 2, 2, oppo, 苹果, 普通品牌, Aay38DEt79n@sina.com
Male, city, 1, 1663, 1511, 父母给予, 信用卡, yes, cloth, online, 2, 2, 1, 1, 2, 1, huawei, 联想, 普通品牌, 6vRSsfk7bnP@126.com
Female, township, 2, 3845, 5576, 无, 节呗, yes, funny, online, 2, 4, 2, 3, 2, 2, oppo, 苹果, 普通品牌, 2ldBd4JK@sina.com
Male, city, 1, 2533, 2232, 父母给予, 信用卡, no, dict, online, 2, 3, 2, 2, 2, 1, xiaomi, 戴尔, 普通品牌, aC4FpuZ@163.com
Female, countryside, 3, 5031, 3327, 无, 无, no, elec, offline, 3, 4, 3, 3, 2, 2, iphone, 惠普, 中档品牌, plMqT5@163.com
Male, city, 1, 2521, 3708, 无, 花呗, yes, trval, online, 2, 4, 2, 2, 2, 1, xiaomi, 戴尔, 普通品牌, 33OJx2hTsrz@qq.com
Male, city, 1, 2785, 2806, 副业, 信用卡, yes, cloth, online, 1, 1, 1, 1, 1, 1, huawei, 联想, 普通品牌, 99YWirgM7@sina.com
Male, city, 1, 1865, 2306, 父母给予, 信用卡, no, cloth, online, 2, 2, 1, 2, 2, 1, huawei, 联想, 普通品牌, hYrz60BL@qq.com
Female, township, 2, 4708, 5899, 无, 无, no, study, online, 3, 4, 2, 3, 2, 2, iphone, 华硕, 中档品牌, Vnm59kIC@qq.com
Male, city, 1, 2850, 2918, 无, 花呗, no, dict, online, 2, 3, 2, 2, 2, 1, xiaomi, 戴尔, 普通品牌, Ksd3BaPBG@sina.com
Female, countryside, 3, 3497, 4188, 无, 无, yes, elec, offline, 3, 4, 3, 3, 2, 2, iphone, 惠普, 中档品牌, YKRx9j2@qq.com
Male, city, 1, 1629, 3374, 父母给予, 信用卡, no, cloth, online, 2, 2, 1, 2, 2, 1, huawei, 联想, 普通品牌, IDYsE7y1F@sina.com
Male, city, 2, 2535, 4815, 无, 花呗, no, trval, online, 2, 4, 2, 2, 2, 1, xiaomi, 戴尔, 普通品牌, GDHXE1yNlh@126.com
Male, city, 1, 2144, 1411, 父母给予, 信用卡, yes, dict, online, 2, 3, 2, 2, 2, 1, xiaomi, 戴尔, 普通品牌, SgiQ0J6r@sina.com
Female, countryside, 3, 3639, 4679, 无, 无, yes, elec, offline, 3, 4, 3, 3, 2, 2, iphone, 惠普, 中档品牌, w1tVXRxq@163.com
Female, countryside, 3, 3777, 4561, 无, 信用卡, yes, cream, offline, 3, 4, 3, 1, 2, 2, iphone, other, 高档品牌, 3H4WwKTG@sina.com
Male, city, 1, 2515, 2848, 无, 花呗, yes, trval, online, 2, 4, 2, 2, 2, 1, xiaomi, 戴尔, 普通品牌, MUzJ5@sina.com
Female, countryside, 3, 3254, 6049, 无, 无, yes, elec, offline, 3, 4, 3, 3, 2, 2, iphone, 惠普, 中档品牌, 8N3wPcbzyBC@sina.com
Male, city, 1, 2480, 1975, 无, 花呗, no, trval, online, 2, 4, 2, 2, 2, 1, xiaomi, 戴尔, 普通品牌, Aq6tu4Pv7KO@qq.com
Female, township, 2, 4579, 2966, 无, 花呗, yes, funny, online, 2, 4, 2, 2, 2, 2, oppo, 苹果, 普通品牌, 3Ces4dXUR@126.com
Female, township, 2, 2589, 1781, 无, 节呗, yes, funny, online, 2, 4, 2, 3, 2, 2, oppo, 华硕, 中档品牌, WqVmseb0O1@163.com
Female, countryside, 3, 3734, 5292, 无, 信用卡, yes, elec, offline, 3, 4, 3, 3, 2, 2, iphone, 惠普, 中档品牌, XqUkm9fjHvG@163.com
Male, city, 1, 2356, 3237, 父母给予, 信用卡, no, dict, online, 2, 3, 1, 2, 2, 1, huawei, 联想, 普通品牌, 1gVpL@163.com
Male, city, 1, 2084, 4574, 副业, 信用卡, yes, cloth, online, 1, 1, 1, 1, 2, 1, huawei, 联想, 普通品牌, f213RQy7D@qq.com
Male, city, 1, 2516, 3362, 副业, 信用卡, yes, cloth, online, 1, 1, 1, 1, 1, 1, huawei, 联想, 普通品牌, 949TIUcD@126.com
Male, city, 1, 2852, 3640, 无, 信用卡, no, dict, online, 2, 3, 2, 2, 2, 1, xiaomi, 戴尔, 普通品牌, mo0Z59X@qq.com
Male, city, 1, 1920, 2482, 父母给予, 信用卡, yes, dict, online, 2, 3, 1, 2, 2, 1, huawei, 联想, 普通品牌, iym4rZ@qq.com
Female, countryside, 3, 4490, 6184, 无, 无, yes, elec, offline, 3, 4, 2, 3, 2, 2, iphone, 惠普, 中档品牌, aIqKl0I@sina.com
Male, township, 2, 5131, 3474, 无, 花呗, yes, funny, online, 2, 4, 2, 2, 2, 2, xiaomi, 戴尔, 普通品牌, nS1A9@126.com
Female, countryside, 3, 4143, 4627, 无, 无, yes, elec, offline, 3, 4, 2, 3, 2, 2, iphone, 惠普, 中档品牌, erM4Ko0W@sina.com
Female, township, 2, 3709, 5622, 无, 无, yes, study, online, 3, 4, 2, 3, 2, 2, iphone, 华硕, 中档品牌, 6Cdt8r1YD@qq.com
Male, city, 1, 2453, 1750, 父母给予, 信用卡, yes, dict, online, 2, 3, 2, 2, 2, 1, xiaomi, 戴尔, 普通品牌, l2ajOC@sina.com
Male, city, 1, 2065, 2720, 无, 花呗, yes, trval, online, 2, 4, 2, 2, 2, 1, xiaomi, 戴尔, 普通品牌, xKaklNEVQL3@126.com
Male, city, 1, 1614, 2800, 无, 信用卡, no, dict, online, 2, 3, 2, 2, 2, 1, xiaomi, 戴尔, 普通品牌, 6WpFb@qq.com
Female, township, 2, 5574, 3226, 无, 花呗, no, funny, online, 2, 4, 2, 2, 2, 2, oppo, 苹果, 普通品牌, 3UzRlui@163.com
Male, city, 1, 1811, 3699, 父母给予, 信用卡, yes, dict, online, 2, 3, 2, 2, 2, 1, xiaomi, 戴尔, 普通品牌, lC6VCx@126.com
Male, city, 2, 5126, 5286, 无, 花呗, yes, trval, online, 2, 4, 2, 2, 2, 1, xiaomi, 戴尔, 普通品牌, T5R8YvCzU@163.com
Female, countryside, 3, 5149, 3656, 无, 信用卡, yes, cream, offline, 3, 4, 3, 1, 2, 2, iphone, other, 中档品牌, Wta1R2YQla@sina.com
Male, city, 1, 2020, 3050, 父母给予, 信用卡, yes, cloth, online, 2, 2, 1, 2, 2, 1, huawei, 联想, 普通品牌, QJ2BxUjsz7@163.com
Male, city, 1, 1853, 1653, 父母给予, 信用卡, yes, dict, online, 2, 3, 2, 2, 2, 1, xiaomi, 戴尔, 普通品牌, 2JgvfwB@qq.com
Female, township, 2, 3358, 3535, 无, 节呗, yes, funny, online, 3, 4, 2, 3, 2, 2, meizu, 华硕, 中档品牌, uqD0BrjmcSp@163.com
Male, city, 1, 1678, 3297, 信贷产品, 信用卡, yes, dict, online, 2, 3, 2, 2, 2, 1, xiaomi, 戴尔, 普通品牌, 1Fz9OBWSef@sina.com
Female, countryside, 3, 4652, 5248, 无, 信用卡, yes, other, offline, 3, 1, 3, 1, 2, 2, other, other, 高档品牌, GDO0LmnpD@163.com
Female, countryside, 3, 3283, 5817, 无, 信用卡, no, elec, offline, 3, 4, 3, 3, 2, 2, iphone, other, 中档品牌, stq0FaZbPJ@qq.com
Male, city, 1, 2765, 1408, 父母给予, 信用卡, yes, dict, online, 2, 3, 2, 2, 2, 1, huawei, 联想, 普通品牌, pcn6iO9ekE@126.com
Male, city, 1, 1781, 3496, 父母给予, 信用卡, no, cloth, online, 2, 2, 1, 2, 2, 1, huawei, 联想, 普通品牌, 9262DAy3ly7@sina.com
Male, city, 1, 2479, 1728, 父母给予, 信用卡, no, cloth, online, 2, 2, 1, 2, 2, 1, huawei, 联想, 普通品牌, 9mGMwnu@sina.com
Male, city, 1, 1822, 1011, 无, 信用卡, yes, dict, online, 2, 3, 2, 2, 2, 1, xiaomi, 戴尔, 普通品牌, 58PQtGz@126.com
Female, countryside, 3, 5071, 5325, 无, 无, no, elec, offline, 3, 4, 3, 3, 2, 2, iphone, 惠普, 中档品牌, jYIl3i@qq.com
Male, city, 1, 2865, 901, 父母给予, 信用卡, yes, cloth, online, 2, 2, 1, 1, 2, 1, huawei, 联想, 普通品牌, McMf24@126.com
Male, city, 1, 2925, 3688, 副业, 信用卡, no, cloth, online, 2, 2, 1, 1, 2, 1, huawei, 联想, 普通品牌, KB4Cn@126.com
Male, city, 1, 2003, 4106, 父母给予, 信用卡, no, cloth, online, 2, 2, 1, 2, 2, 1, huawei, 联想, 普通品牌, 2UjuB@sina.com
Male, city, 1, 1903, 3633, 父母给予, 信用卡, yes, cloth, online, 2, 2, 1, 1, 2, 1, huawei, 联想, 普通品牌, 8yGLvZ@sina.com
Female, township, 2, 4961, 5103, 无, 节呗, yes, study, online, 3, 4, 2, 3, 2, 2, meizu, 华硕, 中档品牌, Sj2E9FJa@qq.com
Female, countryside, 3, 4244, 2315, 无, 无, no, study, offline, 3, 4, 2, 3, 2, 2, iphone, 华硕, 中档品牌, ljV8X@126.com
Female, township, 2, 2974, 4727, 无, 节呗, yes, funny, online, 3, 4, 2, 3, 2, 2, meizu, 华硕, 中档品牌, 80qjG@126.com
Female, countryside, 3, 4474, 3358, 无, 无, yes, elec, offline, 3, 4, 2, 3, 2, 2, iphone, 惠普, 中档品牌, 1HRtmoULP@163.com
Female, countryside, 3, 4647, 5114, 无, 无, yes, elec, offline, 3, 4, 3, 3, 2, 2, iphone, 惠普, 中档品牌, qOa2eY8O4F@163.com
Female, township, 2, 4751, 5736, 无, 美团月付, no, study, online, 3, 4, 2, 3, 2, 2, meizu, 华硕, 中档品牌, vBE4bS@qq.com
Female, township, 2, 3613, 3589, 无, 节呗, no, funny, online, 2, 4, 2, 3, 2, 2, oppo, 华硕, 中档品牌, dFZ8vKB@126.com
Male, city, 1, 2959, 4534, 父母给予, 信用卡, yes, dict, online, 2, 3, 2, 2, 2, 1, xiaomi, 戴尔, 普通品牌, KCu93ic2@163.com
Male, city, 1, 2944, 2412, 副业, 信用卡, no, cloth, online, 1, 2, 1, 1, 2, 1, huawei, 联想, 普通品牌, DXZaKzV7@qq.com
Male, city, 2, 3010, 4524, 无, 花呗, yes, trval, online, 2, 4, 2, 2, 2, 1, xiaomi, 戴尔, 普通品牌, kdiWTe7@126.com
Male, city, 1, 1745, 3699, 信贷产品, 信用卡, no, dict, online, 2, 3, 2, 2, 2, 1, xiaomi, 戴尔, 普通品牌, njUI7w9GJq@126.com
Female, township, 2, 2820, 2983, 无, 美团月付, yes, study, online, 3, 4, 2, 3, 2, 2, meizu, 华硕, 中档品牌, YW1GwV@126.com
Female, township, 2, 2691, 4241, 无, 美团月付, no, study, online, 3, 4, 2, 3, 2, 2, meizu, 华硕, 中档品牌, 5E2OjxqM@126.com
Female, township, 2, 3476, 5599, 无, 美团月付, yes, study, online, 3, 4, 2, 3, 2, 2, meizu, 华硕, 中档品牌, B4gxZG6aw@163.com
Female, countryside, 3, 4550, 6160, 无, 无, yes, elec, offline, 3, 4, 3, 3, 2, 2, iphone, 惠普, 中档品牌, V85nGTt9@qq.com
Female, countryside, 3, 2960, 6194, 无, 无, yes, elec, offline, 3, 4, 2, 3, 2, 2, iphone, 惠普, 中档品牌, Qz4Pg0o5I@163.com
Male, city, 1, 2027, 3252, 副业, 信用卡, no, cloth, online, 1, 1, 1, 1, 1, 1, huawei, 联想, 普通品牌, gWB9FfD0@qq.com
Female, countryside, 3, 4488, 4845, 无, 无, no, elec, offline, 3, 4, 3, 3, 2, 2, iphone, 惠普, 中档品牌, AY9PCEpdF2M@sina.com
Male, city, 1, 1814, 1744, 无, 花呗, yes, dict, online, 2, 3, 2, 2, 2, 1, xiaomi, 戴尔, 普通品牌, ar6WA@163.com
Male, city, 1, 2851, 3405, 信贷产品, 信用卡, yes, dict, online, 2, 3, 2, 2, 2, 1, xiaomi, 戴尔, 普通品牌, 0rF849cSy@qq.com
Male, city, 1, 2847, 2170, 无, 花呗, yes, trval, online, 2, 4, 2, 2, 2, 1, xiaomi, 戴尔, 普通品牌, uv9XA4@163.com
Male, city, 1, 1912, 3619, 父母给予, 信用卡, yes, cloth, online, 2, 2, 1, 1, 2, 1, huawei, 联想, 普通品牌, y4Oamtwv@126.com
Female, countryside, 3, 4412, 6197, 无, 无, no, elec, offline, 3, 4, 3, 3, 2, 2, iphone, 惠普, 中档品牌, HQ11Ugk@sina.com
Female, township, 2, 2816, 4493, 无, 美团月付, yes, study, online, 3, 4, 2, 3, 2, 2, meizu, 华硕, 中档品牌, 2xMifWh@126.com
Male, city, 1, 2483, 1022, 父母给予, 信用卡, no, cloth, online, 2, 2, 1, 2, 2, 1, huawei, 联想, 普通品牌, r0eeqMD1@qq.com
Female, countryside, 3, 3569, 2003, 无, 信用卡, yes, cream, offline, 3, 4, 3, 3, 2, 2, iphone, other, 中档品牌, q5NPljQ30Sv@qq.com
Female, township, 2, 4016, 2127, 无, 花呗, no, funny, online, 2, 4, 2, 3, 2, 2, oppo, 苹果, 普通品牌, udY1J0j0@163.com
Male, city, 1, 2441, 1265, 父母给予, 信用卡, no, dict, online, 2, 3, 2, 2, 2, 1, xiaomi, 戴尔, 普通品牌, 7X3nc@126.com
Female, township, 2, 3113, 5304, 无, 美团月付, yes, study, online, 3, 4, 2, 3, 2, 2, meizu, 华硕, 中档品牌, N8zZvtzwZ@qq.com
Female, township, 2, 2659, 3557, 无, 节呗, yes, funny, online, 2, 4, 2, 3, 2, 2, oppo, 苹果, 普通品牌, Rw91eJZ@126.com
Female, countryside, 3, 3778, 5461, 无, 信用卡, yes, elec, offline, 3, 4, 3, 3, 2, 2, iphone, other, 中档品牌, RfPCx3@126.com
Female, township, 2, 3151, 1516, 无, 美团月付, yes, study, online, 3, 4, 2, 3, 2, 2, meizu, 华硕, 中档品牌, 0A78pfHir@sina.com
Female, township, 2, 3927, 4257, 无, 花呗, yes, funny, online, 2, 4, 2, 2, 2, 2, xiaomi, 戴尔, 普通品牌, Nc5Zhq@163.com
Female, township, 2, 3342, 2907, 无, 花呗, yes, funny, online, 2, 4, 2, 2, 2, 2, oppo, 苹果, 普通品牌, ad8QNl5621@qq.com
Male, city, 1, 2181, 1225, 信贷产品, 信用卡, yes, dict, online, 2, 3, 2, 2, 2, 1, xiaomi, 戴尔, 普通品牌, 7vSN8@126.com
Male, city, 1, 2145, 2184, 副业, 信用卡, yes, cloth, online, 1, 1, 1, 1, 1, 1, huawei, 联想, 普通品牌, 7lItTUZN@163.com
Male, city, 1, 2391, 2183, 父母给予, 信用卡, no, dict, online, 2, 3, 2, 2, 2, 1, huawei, 联想, 普通品牌, R0yIX@163.com
Male, city, 1, 2532, 3428, 无, 花呗, yes, dict, online, 2, 3, 2, 2, 2, 1, xiaomi, 戴尔, 普通品牌, nrG1Ji8@163.com
Female, township, 2, 3344, 4228, 无, 花呗, yes, funny, online, 2, 4, 2, 2, 2, 2, xiaomi, 戴尔, 普通品牌, cHeZM0x@qq.com
Female, countryside, 3, 3670, 4632, 无, 信用卡, yes, elec, offline, 3, 4, 3, 3, 2, 2, iphone, other, 中档品牌, GXO2FmKqi@126.com
Male, city, 1, 2935, 1317, 副业, 信用卡, yes, cloth, online, 2, 2, 1, 1, 2, 1, huawei, 联想, 普通品牌, j2Vo5GgSHW6@sina.com
Male, city, 1, 2596, 3287, 副业, 信用卡, no, cloth, online, 1, 2, 1, 1, 2, 1, huawei, 联想, 普通品牌, dr0aBoDlxUb@126.com
Female, countryside, 3, 4554, 4352, 无, 信用卡, yes, elec, offline, 3, 4, 3, 3, 2, 2, iphone, 惠普, 中档品牌, JaJrQ27@163.com
Female, township, 2, 3602, 3442, 无, 花呗, yes, funny, online, 2, 4, 2, 2, 2, 2, oppo, 苹果, 普通品牌, wcZQY7a6@163.com
Female, township, 2, 4275, 3089, 无, 节呗, yes, funny, online, 3, 4, 2, 3, 2, 2, meizu, 华硕, 中档品牌, Z6plg5jk@sina.com
Male, city, 1, 2226, 4213, 父母给予, 信用卡, yes, dict, online, 2, 3, 2, 2, 2, 1, xiaomi, 戴尔, 普通品牌, 0N97aLwkBm@126.com
Female, countryside, 3, 4448, 2594, 无, 信用卡, yes, cream, offline, 3, 4, 3, 1, 2, 2, other, other, 高档品牌, ZT8eV0lnI@sina.com
Female, countryside, 3, 5569, 3362, 无, 无, yes, elec, offline, 3, 4, 2, 3, 2, 2, iphone, 惠普, 中档品牌, 3gLsGv3p@126.com
Male, city, 1, 2595, 1483, 父母给予, 信用卡, no, dict, online, 2, 3, 2, 2, 2, 1, xiaomi, 戴尔, 普通品牌, i8R7X@163.com
Female, township, 2, 5306, 3069, 无, 花呗, yes, funny, online, 2, 4, 2, 2, 2, 2, oppo, 苹果, 普通品牌, t5Jq1VaYpRK@qq.com
Female, township, 2, 2327, 3063, 无, 节呗, yes, funny, online, 2, 4, 2, 3, 2, 2, oppo, 华硕, 普通品牌, dt9Nz@126.com
Female, countryside, 3, 3715, 5368, 无, 信用卡, no, elec, offline, 3, 4, 3, 3, 2, 2, iphone, 惠普, 中档品牌, 1H0dEy@163.com
Male, city, 1, 2064, 2225, 父母给予, 信用卡, no, cloth, online, 2, 3, 1, 2, 2, 1, huawei, 联想, 普通品牌, fd0t2UNcB3O@126.com
Female, township, 2, 3331, 4739, 无, 花呗, no, funny, online, 2, 4, 2, 2, 2, 2, oppo, 苹果, 普通品牌, CfMniTPWO1@sina.com
Female, township, 2, 3160, 3238, 无, 花呗, yes, funny, online, 2, 4, 2, 2, 2, 2, oppo, 苹果, 普通品牌, B5lw87erT@163.com
Female, township, 2, 5033, 2756, 无, 节呗, no, funny, online, 2, 4, 2, 3, 2, 2, oppo, 苹果, 普通品牌, 6M5niMv@126.com
Male, city, 1, 1952, 1989, 父母给予, 信用卡, no, dict, online, 2, 3, 2, 2, 2, 1, xiaomi, 戴尔, 普通品牌, ozSK9NF@qq.com
Female, township, 2, 3160, 4639, 无, 花呗, yes, funny, online, 2, 4, 2, 2, 2, 2, oppo, 苹果, 普通品牌, 0LHrd@sina.com
Female, township, 2, 5549, 3433, 无, 节呗, no, funny, online, 3, 4, 2, 3, 2, 2, meizu, 华硕, 中档品牌, clz5F7iP@163.com
Male, township, 2, 3779, 2365, 无, 花呗, no, funny, online, 2, 4, 2, 2, 2, 2, xiaomi, 戴尔, 普通品牌, QUc18hdlobS@163.com
Male, city, 1, 2044, 1057, 父母给予, 信用卡, no, cloth, online, 2, 2, 1, 2, 2, 1, huawei, 联想, 普通品牌, g80Z6dZhjsL@163.com
Female, township, 2, 5136, 3551, 无, 节呗, no, funny, online, 2, 4, 2, 3, 2, 2, oppo, 苹果, 普通品牌, 3HdlsR9cIm@sina.com
Female, township, 2, 5457, 2989, 无, 花呗, yes, funny, online, 2, 4, 2, 2, 2, 2, oppo, 苹果, 普通品牌, an2T8G7rA@163.com
Male, city, 1, 2342, 3270, 父母给予, 信用卡, no, dict, online, 2, 3, 2, 2, 2, 1, xiaomi, 戴尔, 普通品牌, dkyH9C@qq.com
Male, city, 1, 2365, 2188, 副业, 信用卡, yes, cloth, online, 1, 1, 1, 1, 1, 1, huawei, 联想, 普通品牌, G6l8s9d@163.com
Female, township, 2, 5133, 5325, 无, 节呗, yes, funny, online, 3, 4, 2, 3, 2, 2, meizu, 华硕, 中档品牌, OYx6zMEqN@126.com
Female, countryside, 3, 3807, 2393, 无, 信用卡, yes, cream, offline, 3, 4, 3, 1, 2, 2, iphone, other, 高档品牌, gy7kFIDTwcv@sina.com
Female, countryside, 3, 5346, 4784, 无, 无, yes, elec, offline, 3, 4, 3, 3, 2, 2, iphone, 惠普, 中档品牌, 4jbOIg@163.com
Female, countryside, 3, 3459, 3204, 无, 信用卡, no, elec, offline, 3, 4, 3, 3, 2, 2, iphone, other, 中档品牌, vG3brZcP@sina.com
Female, countryside, 3, 4111, 2169, 无, 无, yes, study, offline, 3, 4, 2, 3, 2, 2, iphone, 华硕, 中档品牌, 0NVpsw@qq.com
Male, city, 1, 1981, 3825, 父母给予, 信用卡, yes, cloth, online, 2, 2, 1, 2, 2, 1, huawei, 联想, 普通品牌, tXWfsbr5PeS@126.com
Female, countryside, 3, 3855, 4185, 无, 信用卡, yes, cream, offline, 3, 4, 3, 3, 2, 2, iphone, other, 中档品牌, q8YMBCz8rp@163.com
Male, city, 1, 2071, 3870, 副业, 信用卡, no, cloth, online, 1, 1, 1, 1, 1, 1, huawei, 联想, 普通品牌, ci4vTSCV@sina.com
Female, countryside, 3, 3067, 5198, 无, 信用卡, no, cream, offline, 3, 4, 3, 1, 2, 2, iphone, other, 中档品牌, yhD06bjN1@qq.com
Female, countryside, 3, 3738, 4222, 无, 无, no, elec, offline, 3, 4, 3, 3, 2, 2, iphone, 惠普, 中档品牌, 9TBnKUpiIO5@126.com
Female, countryside, 3, 5024, 2653, 无, 无, no, elec, offline, 3, 4, 2, 3, 2, 2, iphone, 惠普, 中档品牌, 7ckqaUCe@126.com
Male, city, 1, 2589, 3187, 副业, 信用卡, yes, cloth, online, 1, 1, 1, 1, 1, 1, huawei, 联想, 普通品牌, v5rJ8TesEK@126.com
Female, township, 2, 5564, 4263, 无, 花呗, yes, funny, online, 2, 4, 2, 2, 2, 2, oppo, 苹果, 普通品牌, 1bTx0aX@126.com
Male, city, 1, 2774, 2542, 父母给予, 信用卡, no, cloth, online, 2, 3, 1, 2, 2, 1, huawei, 联想, 普通品牌, 7JiamW0@126.com
Female, countryside, 3, 2944, 5415, 无, 无, no, elec, offline, 3, 4, 2, 3, 2, 2, iphone, 惠普, 中档品牌, CLIflA6@qq.com
Female, township, 2, 4708, 2510, 无, 节呗, yes, funny, online, 3, 4, 2, 3, 2, 2, oppo, 华硕, 中档品牌, 1cPSixRTk3@163.com
Male, city, 1, 1839, 4393, 父母给予, 信用卡, yes, cloth, online, 2, 3, 1, 2, 2, 1, huawei, 联想, 普通品牌, s5tOtK3@qq.com
Male, city, 1, 1891, 3944, 无, 花呗, yes, trval, online, 2, 4, 2, 2, 2, 1, xiaomi, 戴尔, 普通品牌, ZHogBQn4@163.com
Female, countryside, 3, 4554, 3781, 无, 信用卡, no, cream, offline, 3, 4, 3, 3, 2, 2, iphone, other, 中档品牌, cyruLF49mL@126.com
Female, countryside, 3, 3708, 5590, 无, 信用卡, yes, other, offline, 3, 1, 3, 1, 2, 2, other, other, 高档品牌, 0SdgmI@sina.com
Male, city, 1, 2775, 2584, 无, 花呗, yes, trval, online, 2, 4, 2, 2, 2, 1, xiaomi, 戴尔, 普通品牌, 31HqoDOV63@sina.com
Male, city, 1, 2162, 2258, 父母给予, 信用卡, yes, dict, online, 2, 3, 2, 2, 2, 1, xiaomi, 戴尔, 普通品牌, RXNE2We@sina.com
Female, countryside, 3, 5374, 2824, 无, 信用卡, no, other, offline, 3, 1, 3, 1, 2, 2, other, other, 高档品牌, 3enUq@163.com
Male, city, 1, 1710, 2396, 无, 花呗, yes, dict, online, 2, 3, 2, 2, 2, 1, xiaomi, 戴尔, 普通品牌, W7Q2rjJp@qq.com
Male, city, 1, 2635, 1126, 父母给予, 信用卡, no, cloth, online, 2, 2, 1, 1, 2, 1, huawei, 联想, 普通品牌, fp2OdlTq@qq.com
Female, township, 2, 5184, 3508, 无, 节呗, no, funny, online, 3, 4, 2, 3, 2, 2, meizu, 华硕, 中档品牌, sm4C2@sina.com
Male, city, 1, 2040, 2091, 父母给予, 信用卡, no, dict, online, 2, 3, 2, 2, 2, 1, huawei, 联想, 普通品牌, 7KMpJ7t@qq.com
Female, township, 2, 4660, 1482, 无, 美团月付, no, study, online, 3, 4, 2, 3, 2, 2, meizu, 华硕, 中档品牌, LDw9FT@sina.com
Male, city, 1, 2134, 4089, 无, 花呗, no, dict, online, 2, 3, 2, 2, 2, 1, xiaomi, 戴尔, 普通品牌, u0XsxQEm@sina.com
Female, township, 2, 3815, 4911, 无, 花呗, yes, funny, online, 2, 4, 2, 3, 2, 2, oppo, 苹果, 普通品牌, W7NAYRFXVbU@qq.com
Female, countryside, 3, 2894, 5464, 无, 信用卡, yes, cream, offline, 3, 4, 3, 3, 2, 2, iphone, other, 中档品牌, VJ7ox@sina.com
Female, township, 2, 4405, 2720, 无, 花呗, yes, funny, online, 2, 4, 2, 2, 2, 2, xiaomi, 苹果, 普通品牌, Q61nA@qq.com
Male, city, 1, 2451, 2331, 副业, 信用卡, yes, cloth, online, 1, 1, 1, 1, 1, 1, huawei, 联想, 普通品牌, 4jGIKx@126.com
Male, city, 1, 2236, 1982, 无, 花呗, yes, trval, online, 2, 4, 2, 2, 2, 1, xiaomi, 戴尔, 普通品牌, 8e6Rty@163.com
Female, township, 2, 3349, 2223, 无, 花呗, yes, funny, online, 2, 4, 2, 2, 2, 2, oppo, 苹果, 普通品牌, s3NKHW7@qq.com
Male, township, 2, 4338, 4341, 无, 花呗, yes, funny, online, 2, 4, 2, 2, 2, 2, xiaomi, 戴尔, 普通品牌, Sr3fqh@163.com
Male, city, 1, 2640, 2017, 父母给予, 信用卡, yes, dict, online, 2, 3, 2, 2, 2, 1, xiaomi, 戴尔, 普通品牌, tf5z7KXBE@qq.com
Male, city, 1, 1907, 4312, 副业, 信用卡, yes, cloth, online, 2, 2, 1, 1, 2, 1, huawei, 联想, 普通品牌, Y6qXEGL6SsV@sina.com
Female, countryside, 3, 4494, 6145, 无, 信用卡, no, cream, offline, 3, 4, 3, 1, 2, 2, iphone, other, 高档品牌, S3RvR1Ab@126.com
Female, township, 2, 2913, 5004, 无, 节呗, yes, funny, online, 3, 4, 2, 3, 2, 2, meizu, 华硕, 中档品牌, 2mAM1G@sina.com
Female, countryside, 3, 5882, 2904, 无, 无, yes, elec, offline, 3, 4, 3, 3, 2, 2, iphone, 惠普, 中档品牌, sZ2NcW1Gt@qq.com
Male, city, 1, 2187, 3644, 父母给予, 信用卡, no, cloth, online, 2, 2, 1, 2, 2, 1, huawei, 联想, 普通品牌, bc7TD4k@sina.com
Male, city, 1, 2081, 3652, 父母给予, 信用卡, yes, dict, online, 2, 3, 1, 2, 2, 1, huawei, 联想, 普通品牌, gn4BbrS@qq.com
Female, township, 2, 5097, 2530, 无, 美团月付, yes, study, online, 3, 4, 2, 3, 2, 2, meizu, 华硕, 中档品牌, Oz3E9m3@qq.com
Male, city, 1, 1689, 2961, 无, 花呗, yes, trval, online, 2, 4, 2, 2, 2, 1, xiaomi, 戴尔, 普通品牌, UfM5zC2wAGO@sina.com
Female, township, 2, 4362, 4589, 无, 美团月付, yes, study, online, 3, 4, 2, 3, 2, 2, meizu, 华硕, 中档品牌, xed66zlFJ@sina.com
Female, countryside, 3, 2849, 6071, 无, 无, no, elec, offline, 3, 4, 3, 3, 2, 2, iphone, 惠普, 中档品牌, 4LPtN@126.com
Female, township, 2, 2334, 5521, 无, 花呗, no, funny, online, 2, 4, 2, 2, 2, 2, oppo, 苹果, 普通品牌, HJoC906h@qq.com
Female, countryside, 3, 3038, 5138, 无, 信用卡, yes, other, offline, 3, 1, 3, 1, 2, 2, other, other, 高档品牌, 6qUxoVnp8@qq.com
Male, city, 1, 2504, 4207, 父母给予, 信用卡, yes, cloth, online, 2, 2, 1, 2, 2, 1, huawei, 联想, 普通品牌, x071uBX52@126.com
Female, township, 2, 2708, 2382, 无, 节呗, yes, funny, online, 2, 4, 2, 3, 2, 2, oppo, 华硕, 普通品牌, 416j5GgT@126.com
Female, township, 2, 4115, 3473, 无, 美团月付, yes, study, online, 3, 4, 2, 3, 2, 2, iphone, 华硕, 中档品牌, wx7NZm@sina.com
Male, city, 1, 2662, 2134, 父母给予, 信用卡, yes, cloth, online, 2, 2, 1, 1, 2, 1, huawei, 联想, 普通品牌, 57doNLFlknh@163.com
Male, city, 1, 2168, 963, 无, 花呗, no, dict, online, 2, 3, 2, 2, 2, 1, xiaomi, 戴尔, 普通品牌, 9k7MD@sina.com
Male, city, 1, 2696, 3130, 父母给予, 信用卡, no, dict, online, 2, 3, 2, 2, 2, 1, xiaomi, 戴尔, 普通品牌, 2LRSfpiH0x@126.com
Female, township, 2, 5080, 1725, 无, 花呗, no, funny, online, 2, 4, 2, 2, 2, 2, xiaomi, 戴尔, 普通品牌, j26CPFe2@126.com
Female, countryside, 3, 5910, 5007, 无, 无, no, elec, offline, 3, 4, 2, 3, 2, 2, iphone, 惠普, 中档品牌, Ek4mX@sina.com
Female, township, 2, 4742, 3641, 无, 无, yes, study, online, 3, 4, 2, 3, 2, 2, iphone, 华硕, 中档品牌, WqnpZ3zB@163.com
Male, city, 1, 1801, 1753, 父母给予, 信用卡, yes, dict, online, 2, 3, 2, 2, 2, 1, xiaomi, 戴尔, 普通品牌, SWtL7vr@126.com
Female, township, 2, 4126, 1460, 无, 花呗, yes, funny, online, 2, 4, 2, 2, 2, 2, oppo, 苹果, 普通品牌, jiZyY2J@qq.com
Male, city, 1, 1736, 3897, 副业, 信用卡, yes, cloth, online, 2, 2, 1, 1, 2, 1, huawei, 联想, 普通品牌, N9JOq64v9Z@163.com
Female, township, 2, 2587, 3333, 无, 节呗, no, funny, online, 3, 4, 2, 3, 2, 2, meizu, 华硕, 中档品牌, bQwL9KSd1k@126.com
Female, township, 2, 3667, 2957, 无, 节呗, no, funny, online, 3, 4, 2, 3, 2, 2, meizu, 华硕, 中档品牌, cS8KyYq@sina.com
Female, township, 2, 3764, 3151, 无, 花呗, no, funny, online, 2, 4, 2, 2, 2, 2, xiaomi, 戴尔, 普通品牌, p5YM86fDi@163.com
Male, city, 1, 2121, 3961, 副业, 信用卡, yes, cloth, online, 1, 1, 1, 1, 1, 1, huawei, 联想, 普通品牌, FZ07AHP8mpf@126.com
Male, city, 1, 1893, 3100, 父母给予, 信用卡, yes, dict, online, 2, 3, 2, 2, 2, 1, huawei, 联想, 普通品牌, 5UF4Pry1eo@qq.com
Female, countryside, 3, 5149, 3085, 无, 无, yes, elec, offline, 3, 4, 2, 3, 2, 2, iphone, 惠普, 中档品牌, UFXrRr1B1@qq.com
Female, countryside, 3, 3632, 4806, 无, 无, yes, study, offline, 3, 4, 2, 3, 2, 2, iphone, 华硕, 中档品牌, TUoq7s@126.com
Female, township, 2, 2971, 1489, 无, 美团月付, yes, study, online, 3, 4, 2, 3, 2, 2, meizu, 华硕, 中档品牌, KCpDi8r9VI@sina.com
Female, countryside, 3, 4009, 5356, 无, 信用卡, yes, elec, offline, 3, 4, 3, 3, 2, 2, iphone, other, 中档品牌, IlHhjLM6@126.com
Female, township, 2, 4746, 2458, 无, 美团月付, yes, study, online, 3, 4, 2, 3, 2, 2, meizu, 华硕, 中档品牌, OCFKl3@126.com
Male, city, 1, 2829, 3943, 信贷产品, 信用卡, yes, dict, online, 2, 3, 2, 2, 2, 1, xiaomi, 戴尔, 普通品牌, 6F5tyjwr@sina.com
Male, city, 1, 1766, 2301, 无, 花呗, yes, dict, online, 2, 3, 2, 2, 2, 1, xiaomi, 戴尔, 普通品牌, HR1dTK5fOWu@126.com
Male, city, 1, 2527, 3227, 父母给予, 信用卡, yes, cloth, online, 2, 2, 1, 2, 2, 1, huawei, 联想, 普通品牌, H2WHlb@126.com
Male, city, 1, 2367, 2868, 父母给予, 信用卡, no, cloth, online, 2, 2, 1, 1, 2, 1, huawei, 联想, 普通品牌, Fb3tj@sina.com
Male, city, 1, 2038, 4566, 副业, 信用卡, no, cloth, online, 1, 1, 1, 1, 1, 1, huawei, 联想, 普通品牌, fMs82p8WqSx@sina.com
Female, countryside, 3, 4832, 4497, 无, 无, no, elec, offline, 3, 4, 2, 3, 2, 2, iphone, 惠普, 中档品牌, 2X0ob33R@qq.com
Female, countryside, 3, 4662, 6323, 无, 信用卡, no, elec, offline, 3, 4, 3, 3, 2, 2, iphone, other, 中档品牌, Ghw9ZOidk@sina.com
Female, township, 2, 5464, 2448, 无, 节呗, no, funny, online, 3, 4, 2, 3, 2, 2, meizu, 华硕, 中档品牌, N7lmR28Pb0@qq.com
Female, countryside, 3, 3424, 5829, 无, 信用卡, no, cream, offline, 3, 4, 3, 1, 2, 2, iphone, other, 高档品牌, nK0xSC@126.com
Female, countryside, 3, 5059, 2323, 无, 信用卡, yes, elec, offline, 3, 4, 3, 3, 2, 2, iphone, 惠普, 中档品牌, ieGHUk7Ci@126.com
Female, countryside, 3, 4554, 4589, 无, 无, yes, elec, offline, 3, 4, 2, 3, 2, 2, iphone, 惠普, 中档品牌, 0Ko2dBS4@126.com
Male, city, 1, 2430, 2443, 父母给予, 信用卡, no, dict, online, 2, 3, 2, 2, 2, 1, huawei, 联想, 普通品牌, OTRJ0c@qq.com
Male, city, 1, 1906, 1929, 副业, 信用卡, yes, cloth, online, 2, 2, 1, 1, 2, 1, huawei, 联想, 普通品牌, i7jGTD@163.com
Male, city, 1, 1610, 1648, 父母给予, 信用卡, yes, dict, online, 2, 3, 2, 2, 2, 1, xiaomi, 戴尔, 普通品牌, uDou2vM@126.com
Female, township, 2, 2789, 3494, 无, 节呗, yes, funny, online, 2, 4, 2, 3, 2, 2, oppo, 华硕, 中档品牌, YqNoAmXWRJ9@sina.com
Female, township, 2, 2848, 3196, 无, 节呗, yes, funny, online, 3, 4, 2, 3, 2, 2, meizu, 华硕, 中档品牌, 4EoBwt@163.com
Male, city, 1, 2029, 3533, 父母给予, 信用卡, yes, cloth, online, 2, 3, 1, 2, 2, 1, huawei, 联想, 普通品牌, Q664Dg@126.com
Female, countryside, 3, 5242, 3314, 无, 无, yes, elec, offline, 3, 4, 2, 3, 2, 2, iphone, 惠普, 中档品牌, MJZH3q@sina.com
Male, city, 1, 2920, 1201, 副业, 信用卡, no, cloth, online, 1, 1, 1, 1, 1, 1, huawei, 联想, 普通品牌, q2SZvVRE2@qq.com
Male, city, 1, 1974, 3490, 父母给予, 信用卡, no, cloth, online, 2, 2, 1, 1, 2, 1, huawei, 联想, 普通品牌, PGA8b0@sina.com
Female, countryside, 3, 3203, 2255, 无, 信用卡, yes, cream, offline, 3, 4, 3, 3, 2, 2, iphone, other, 中档品牌, NokvyRq7@126.com
Female, countryside, 3, 3732, 4717, 无, 无, no, elec, offline, 3, 4, 2, 3, 2, 2, iphone, 惠普, 中档品牌, Coy2O3g@qq.com
Male, city, 1, 2590, 1466, 副业, 信用卡, yes, cloth, online, 2, 2, 1, 1, 2, 1, huawei, 联想, 普通品牌, 70Xvw@163.com
Female, township, 2, 3960, 3164, 无, 节呗, no, funny, online, 3, 4, 2, 3, 2, 2, meizu, 华硕, 中档品牌, 0NoMAaen9RG@qq.com
Female, township, 2, 3939, 2272, 无, 美团月付, yes, study, online, 3, 4, 2, 3, 2, 2, meizu, 华硕, 中档品牌, DlX6dvdX@163.com
Female, countryside, 3, 5753, 4595, 无, 信用卡, no, cream, offline, 3, 4, 3, 1, 2, 2, iphone, other, 高档品牌, 2fT0ueLW@sina.com
Female, township, 2, 3121, 3207, 无, 节呗, yes, funny, online, 2, 4, 2, 3, 2, 2, oppo, 华硕, 中档品牌, ZE70k@sina.com
Female, countryside, 3, 3987, 3659, 无, 信用卡, yes, other, offline, 3, 1, 3, 1, 2, 2, other, other, 高档品牌, Xex9hZpFqS3@sina.com
Female, countryside, 3, 2991, 2213, 无, 信用卡, no, cream, offline, 3, 4, 3, 3, 2, 2, iphone, other, 中档品牌, 6Tb0YSOImM@qq.com
Female, township, 2, 4623, 2232, 无, 节呗, yes, funny, online, 2, 4, 2, 3, 2, 2, oppo, 苹果, 普通品牌, INZa5M@qq.com
Female, countryside, 3, 4777, 4986, 无, 信用卡, yes, cream, offline, 3, 4, 3, 1, 2, 2, iphone, other, 高档品牌, EydS0G@126.com
Female, township, 2, 2325, 4657, 无, 美团月付, no, study, online, 3, 4, 2, 3, 2, 2, meizu, 华硕, 中档品牌, L5qL1fqO@qq.com
Female, township, 2, 4480, 4240, 无, 美团月付, yes, study, online, 3, 4, 2, 3, 2, 2, meizu, 华硕, 中档品牌, mP6tGw2@qq.com
Male, city, 2, 2865, 3309, 无, 花呗, no, trval, online, 2, 4, 2, 2, 2, 2, xiaomi, 戴尔, 普通品牌, JnP5CiexQmp@126.com
Female, township, 2, 3763, 2595, 无, 节呗, no, funny, online, 2, 4, 2, 3, 2, 2, oppo, 华硕, 中档品牌, kry16cfPY@126.com
Female, countryside, 3, 5623, 4201, 无, 无, no, elec, offline, 3, 4, 2, 3, 2, 2, iphone, 惠普, 中档品牌, uaFY6UQ8O6k@qq.com
Female, township, 2, 3653, 2330, 无, 节呗, yes, study, online, 3, 4, 2, 3, 2, 2, meizu, 华硕, 中档品牌, CC8pV@163.com
Female, countryside, 3, 4990, 5630, 无, 信用卡, no, elec, offline, 3, 4, 3, 3, 2, 2, iphone, other, 中档品牌, Ayz2tZop87L@qq.com
Male, city, 1, 1695, 1441, 父母给予, 信用卡, no, cloth, online, 2, 2, 1, 2, 2, 1, huawei, 联想, 普通品牌, e6B03@qq.com
Male, city, 1, 1632, 2323, 副业, 信用卡, yes, cloth, online, 1, 2, 1, 1, 2, 1, huawei, 联想, 普通品牌, wESo7mCQvL1@126.com
Male, city, 1, 1851, 1193, 父母给予, 信用卡, no, dict, online, 2, 3, 2, 2, 2, 1, huawei, 联想, 普通品牌, 7PTMuN@sina.com
Male, city, 1, 2625, 4106, 父母给予, 信用卡, no, cloth, online, 2, 2, 1, 2, 2, 1, huawei, 联想, 普通品牌, bCrJEN8@sina.com
Male, city, 1, 1813, 4116, 父母给予, 信用卡, yes, dict, online, 2, 3, 2, 2, 2, 1, huawei, 联想, 普通品牌, zRZr61IzD@sina.com
Female, township, 2, 5238, 5552, 无, 节呗, yes, funny, online, 2, 4, 2, 3, 2, 2, oppo, 苹果, 普通品牌, 0vlUH2S7KJ@sina.com
Female, township, 2, 4102, 3646, 无, 节呗, no, funny, online, 3, 4, 2, 3, 2, 2, meizu, 华硕, 中档品牌, 1cAFkx@sina.com
Female, township, 2, 4612, 3388, 无, 节呗, yes, funny, online, 3, 4, 2, 3, 2, 2, meizu, 华硕, 中档品牌, Lh6X4EsS@sina.com
Female, township, 2, 4037, 5559, 无, 美团月付, no, study, online, 3, 4, 2, 3, 2, 2, meizu, 华硕, 中档品牌, MBGcVx3CqN@sina.com
Female, countryside, 3, 4698, 4725, 无, 无, no, elec, offline, 3, 4, 3, 3, 2, 2, iphone, 惠普, 中档品牌, nk45i2pAIOZ@sina.com
Female, township, 2, 5247, 4293, 无, 花呗, no, funny, online, 2, 4, 2, 2, 2, 2, xiaomi, 苹果, 普通品牌, xEfOd7u8iw@qq.com
Female, township, 2, 4637, 2796, 无, 节呗, no, funny, online, 2, 4, 2, 3, 2, 2, oppo, 华硕, 普通品牌, J1Fc1DCt@163.com
Male, city, 1, 2901, 3580, 无, 花呗, no, dict, online, 2, 3, 2, 2, 2, 1, xiaomi, 戴尔, 普通品牌, RzD84R@126.com
Male, city, 2, 4751, 5364, 无, 花呗, yes, trval, online, 2, 4, 2, 2, 2, 1, xiaomi, 戴尔, 普通品牌, pyZ2K2ARdJZ@qq.com
Female, countryside, 3, 5662, 6295, 无, 无, yes, elec, offline, 3, 4, 3, 3, 2, 2, iphone, 惠普, 中档品牌, p2jqHFIU1BD@163.com
Female, township, 2, 3190, 2741, 无, 无, yes, study, online, 3, 4, 2, 3, 2, 2, iphone, 华硕, 中档品牌, 7fnIwb0SAoY@163.com
Male, city, 1, 2848, 4492, 父母给予, 信用卡, yes, cloth, online, 2, 3, 1, 2, 2, 1, huawei, 联想, 普通品牌, 2ymvOZX8GK@sina.com
Female, countryside, 3, 4135, 1803, 无, 信用卡, no, cream, offline, 3, 4, 3, 1, 2, 2, iphone, other, 高档品牌, 8l0pT@126.com
Female, countryside, 3, 3583, 2642, 无, 无, yes, elec, offline, 3, 4, 2, 3, 2, 2, iphone, 惠普, 中档品牌, hN6XR5Iq0zt@qq.com
Male, city, 1, 2441, 3077, 无, 花呗, no, trval, online, 2, 4, 2, 2, 2, 1, xiaomi, 戴尔, 普通品牌, pxTBGRKxQ8@126.com
Female, countryside, 3, 3067, 4063, 无, 无, no, elec, offline, 3, 4, 3, 3, 2, 2, iphone, 惠普, 中档品牌, aFJ0zO8@sina.com
Male, city, 1, 1982, 1986, 父母给予, 信用卡, no, cloth, online, 2, 2, 1, 1, 2, 1, huawei, 联想, 普通品牌, 3pG4G@qq.com
Male, city, 1, 2456, 4460, 副业, 信用卡, no, cloth, online, 1, 2, 1, 1, 2, 1, huawei, 联想, 普通品牌, w54VU7rR@qq.com
Female, countryside, 3, 5067, 5890, 无, 信用卡, yes, cream, offline, 3, 4, 3, 1, 2, 2, iphone, other, 高档品牌, 5AIoLYGr@126.com
Female, countryside, 3, 4604, 2103, 无, 无, no, elec, offline, 3, 4, 3, 3, 2, 2, iphone, 惠普, 中档品牌, DF9PaY@163.com
Female, countryside, 3, 5332, 2266, 无, 无, yes, elec, offline, 3, 4, 2, 3, 2, 2, iphone, 惠普, 中档品牌, 9eOMgEvm@126.com
Male, city, 1, 2071, 2178, 父母给予, 信用卡, yes, cloth, online, 2, 2, 1, 2, 2, 1, huawei, 联想, 普通品牌, kONsMQl04j@126.com
Male, city, 1, 1731, 2852, 父母给予, 信用卡, no, cloth, online, 2, 2, 1, 2, 2, 1, huawei, 联想, 普通品牌, xS9W5FPl@qq.com
Male, city, 1, 2214, 1517, 无, 花呗, yes, dict, online, 2, 3, 2, 2, 2, 1, xiaomi, 戴尔, 普通品牌, TWPJEh6am@sina.com
Female, countryside, 3, 5656, 3641, 无, 信用卡, yes, cream, offline, 3, 4, 3, 1, 2, 2, iphone, other, 中档品牌, WFYR3rJtp3z@163.com
Female, township, 2, 3958, 1477, 无, 花呗, no, funny, online, 2, 4, 2, 2, 2, 2, oppo, 苹果, 普通品牌, BL1M3JUtjg@163.com
Female, countryside, 3, 2824, 4228, 无, 信用卡, yes, cream, offline, 3, 4, 3, 1, 2, 2, iphone, other, 中档品牌, wLNv1HEf@qq.com
Male, city, 1, 1975, 920, 无, 花呗, no, trval, online, 2, 4, 2, 2, 2, 1, xiaomi, 戴尔, 普通品牌, 6G1l4@qq.com
Male, city, 1, 1802, 3903, 无, 花呗, yes, dict, online, 2, 3, 2, 2, 2, 1, xiaomi, 戴尔, 普通品牌, 7kA3rj@sina.com
Male, city, 1, 1996, 4371, 父母给予, 信用卡, no, cloth, online, 2, 3, 1, 2, 2, 1, huawei, 联想, 普通品牌, l953Iutz4@qq.com
Female, countryside, 3, 3824, 2128, 无, 无, yes, study, offline, 3, 4, 2, 3, 2, 2, iphone, 华硕, 中档品牌, 31yRRP@163.com
Female, countryside, 3, 5123, 1622, 无, 无, no, elec, offline, 3, 4, 3, 3, 2, 2, iphone, 惠普, 中档品牌, IlpY9@qq.com
Male, city, 1, 2625, 2078, 父母给予, 信用卡, yes, cloth, online, 2, 3, 1, 2, 2, 1, huawei, 联想, 普通品牌, sQgC2@163.com
Male, city, 1, 2489, 2805, 无, 花呗, yes, trval, online, 2, 4, 2, 2, 2, 1, xiaomi, 戴尔, 普通品牌, hcyus1PmdfY@126.com
Female, township, 2, 2452, 1598, 无, 节呗, no, funny, online, 2, 4, 2, 3, 2, 2, oppo, 苹果, 普通品牌, 5KfZwTtmF1@163.com
Female, countryside, 3, 3840, 3444, 无, 信用卡, yes, elec, offline, 3, 4, 3, 3, 2, 2, iphone, 惠普, 中档品牌, 7rhYK@qq.com
Female, township, 2, 2729, 2904, 无, 美团月付, no, study, online, 3, 4, 2, 3, 2, 2, meizu, 华硕, 中档品牌, LWhjNy60hA@sina.com
Male, city, 1, 2110, 1385, 副业, 信用卡, no, cloth, online, 1, 1, 1, 1, 1, 1, huawei, 联想, 普通品牌, WKqknN0cfL8@126.com
Male, city, 1, 1984, 1730, 父母给予, 信用卡, yes, cloth, online, 2, 2, 1, 2, 2, 1, huawei, 联想, 普通品牌, 7Xv5EiqbW4u@qq.com
Male, city, 1, 2530, 1547, 无, 花呗, no, trval, online, 2, 4, 2, 2, 2, 1, xiaomi, 戴尔, 普通品牌, e7HwiO@sina.com
Female, countryside, 3, 3981, 2694, 无, 无, yes, elec, offline, 3, 4, 3, 3, 2, 2, iphone, 惠普, 中档品牌, f7AnAm@163.com
Female, township, 2, 2617, 5530, 无, 节呗, yes, funny, online, 2, 4, 2, 3, 2, 2, oppo, 华硕, 普通品牌, EQzg2rLOBu@qq.com
Female, countryside, 3, 3968, 4067, 无, 信用卡, no, cream, offline, 3, 4, 3, 1, 2, 2, iphone, other, 中档品牌, icSFr9rzs7V@qq.com
Female, township, 2, 5173, 3198, 无, 花呗, yes, funny, online, 2, 4, 2, 2, 2, 2, oppo, 苹果, 普通品牌, yCaKE6ANshy@sina.com
Female, township, 2, 2440, 3619, 无, 无, no, study, online, 3, 4, 2, 3, 2, 2, iphone, 华硕, 中档品牌, 6ajMeSpAiY6@126.com
Male, township, 2, 3470, 2546, 无, 花呗, no, trval, online, 2, 4, 2, 2, 2, 2, xiaomi, 戴尔, 普通品牌, qP6Dy6Fd3J@163.com
Female, township, 2, 3080, 2666, 无, 无, no, study, online, 3, 4, 2, 3, 2, 2, iphone, 华硕, 中档品牌, KSnM0V@qq.com
Male, city, 1, 1820, 3409, 父母给予, 信用卡, yes, cloth, online, 2, 2, 1, 2, 2, 1, huawei, 联想, 普通品牌, zLd0B@qq.com
Female, township, 2, 4084, 5777, 无, 节呗, no, funny, online, 2, 4, 2, 3, 2, 2, oppo, 华硕, 普通品牌, D8Fu3h@sina.com
Female, township, 2, 2683, 5054, 无, 节呗, yes, funny, online, 2, 4, 2, 3, 2, 2, oppo, 华硕, 普通品牌, g5RuuAZz@163.com
Female, countryside, 3, 2990, 4938, 无, 无, yes, elec, offline, 3, 4, 3, 3, 2, 2, iphone, 惠普, 中档品牌, nHOMtbv9@qq.com
Female, countryside, 3, 3083, 2234, 无, 无, no, study, offline, 3, 4, 2, 3, 2, 2, iphone, 华硕, 中档品牌, 5rEe5Hdo4@126.com
Female, township, 2, 3692, 5093, 无, 节呗, yes, funny, online, 2, 4, 2, 3, 2, 2, oppo, 华硕, 普通品牌, H4jilhcB@163.com
Female, countryside, 3, 5188, 3968, 无, 信用卡, yes, cream, offline, 3, 4, 3, 1, 2, 2, iphone, other, 高档品牌, be2JuQ@163.com
Female, countryside, 3, 2923, 5327, 无, 信用卡, yes, cream, offline, 3, 4, 3, 1, 2, 2, iphone, other, 高档品牌, VrtxyV3C@126.com
Female, township, 2, 3867, 2309, 无, 节呗, no, funny, online, 3, 4, 2, 3, 2, 2, meizu, 华硕, 中档品牌, 7UmfCLNbGyB@sina.com
Male, city, 1, 1885, 4398, 副业, 信用卡, yes, cloth, online, 1, 2, 1, 1, 2, 1, huawei, 联想, 普通品牌, 3SylP@126.com
Male, city, 1, 2305, 2146, 父母给予, 信用卡, no, dict, online, 2, 3, 2, 2, 2, 1, xiaomi, 戴尔, 普通品牌, KwgJ6mTz@sina.com
Male, city, 1, 2613, 2685, 无, 花呗, yes, dict, online, 2, 3, 2, 2, 2, 1, xiaomi, 戴尔, 普通品牌, XJFG2DpL@sina.com
Male, city, 1, 1837, 3468, 父母给予, 信用卡, yes, dict, online, 2, 3, 1, 2, 2, 1, huawei, 联想, 普通品牌, z5N8Ddh@sina.com
Female, countryside, 3, 5250, 5978, 无, 信用卡, yes, cream, offline, 3, 4, 3, 1, 2, 2, iphone, other, 高档品牌, 231vHGhjf@163.com
Female, township, 2, 5298, 3196, 无, 美团月付, yes, study, online, 3, 4, 2, 3, 2, 2, meizu, 华硕, 中档品牌, vqB2wK@sina.com
Male, city, 1, 2284, 1524, 副业, 信用卡, yes, cloth, online, 1, 1, 1, 1, 2, 1, huawei, 联想, 普通品牌, BQNExxI7dc8@126.com
Male, city, 1, 2817, 3264, 父母给予, 信用卡, no, dict, online, 2, 3, 2, 2, 2, 1, xiaomi, 戴尔, 普通品牌, I0j7iB@163.com
Female, township, 2, 3677, 2887, 无, 节呗, yes, funny, online, 3, 4, 2, 3, 2, 2, meizu, 华硕, 中档品牌, R2xOFh1@163.com
Male, city, 1, 2367, 1134, 父母给予, 信用卡, yes, dict, online, 2, 3, 2, 2, 2, 1, xiaomi, 戴尔, 普通品牌, aCUfRyc23y@qq.com
Female, township, 2, 2788, 5317, 无, 花呗, yes, funny, online, 2, 4, 2, 2, 2, 2, xiaomi, 戴尔, 普通品牌, AjJ6v6@qq.com
Male, city, 1, 1655, 1186, 父母给予, 信用卡, yes, dict, online, 2, 3, 2, 2, 2, 1, xiaomi, 戴尔, 普通品牌, nQ1IJv5biz@qq.com
Female, township, 2, 4390, 4104, 无, 花呗, no, funny, online, 2, 4, 2, 2, 2, 2, oppo, 苹果, 普通品牌, hQS37y@qq.com
Female, countryside, 3, 4751, 6275, 无, 信用卡, no, other, offline, 3, 4, 3, 1, 2, 2, other, other, 高档品牌, O9swQNArHe@126.com
Female, countryside, 3, 5511, 2790, 无, 无, no, elec, offline, 3, 4, 3, 3, 2, 2, iphone, 惠普, 中档品牌, HRDbU6@163.com
Male, city, 1, 1987, 3659, 父母给予, 信用卡, yes, cloth, online, 2, 2, 1, 1, 2, 1, huawei, 联想, 普通品牌, r4jGo4BPX@qq.com
Female, township, 2, 3996, 4122, 无, 花呗, no, funny, online, 2, 4, 2, 2, 2, 2, oppo, 苹果, 普通品牌, i3Fdh@qq.com
Male, city, 1, 2322, 1717, 副业, 信用卡, no, cloth, online, 1, 1, 1, 1, 1, 1, huawei, 联想, 普通品牌, vAhA4Xy@126.com
Female, countryside, 3, 5469, 5989, 无, 无, yes, elec, offline, 3, 4, 3, 3, 2, 2, iphone, 惠普, 中档品牌, CZwKJz0b@126.com
Female, countryside, 3, 3300, 2910, 无, 信用卡, yes, other, offline, 3, 1, 3, 1, 2, 2, other, other, 高档品牌, WmW1ln@126.com
Female, countryside, 3, 3549, 4403, 无, 无, no, elec, offline, 3, 4, 2, 3, 2, 2, iphone, 惠普, 中档品牌, uJBel0QR@163.com
Female, countryside, 3, 3486, 5843, 无, 无, yes, elec, offline, 3, 4, 3, 3, 2, 2, iphone, 惠普, 中档品牌, Lexr1u@126.com
Female, township, 2, 3521, 1858, 无, 节呗, yes, funny, online, 2, 4, 2, 3, 2, 2, oppo, 华硕, 中档品牌, 13MrAiq@126.com
Male, city, 1, 2998, 3984, 父母给予, 信用卡, yes, cloth, online, 2, 2, 1, 2, 2, 1, huawei, 联想, 普通品牌, F3ipD9D7IG@sina.com
Female, countryside, 3, 3368, 2751, 无, 信用卡, no, cream, offline, 3, 4, 3, 1, 2, 2, iphone, other, 中档品牌, bWL9L3EMI@163.com
Male, city, 1, 2815, 3232, 父母给予, 信用卡, no, cloth, online, 2, 3, 1, 2, 2, 1, huawei, 联想, 普通品牌, 66KDjC4uCe@126.com
Male, city, 1, 1873, 2880, 副业, 信用卡, yes, cloth, online, 1, 1, 1, 1, 1, 1, huawei, 联想, 普通品牌, rqE0j9@126.com
Female, countryside, 3, 3037, 3257, 无, 无, yes, elec, offline, 3, 4, 2, 3, 2, 2, iphone, 惠普, 中档品牌, jpQ5dR@126.com
Female, township, 2, 3336, 2890, 无, 花呗, no, funny, online, 2, 4, 2, 2, 2, 2, oppo, 苹果, 普通品牌, fSCbcHL14kq@sina.com
Female, countryside, 3, 3150, 2152, 无, 信用卡, no, cream, offline, 3, 4, 3, 1, 2, 2, iphone, other, 中档品牌, avGxBo4Vjb@sina.com
Male, city, 1, 2787, 2677, 副业, 信用卡, yes, cloth, online, 1, 2, 1, 1, 2, 1, huawei, 联想, 普通品牌, zScCgK82@qq.com
Female, township, 2, 4066, 5823, 无, 节呗, no, study, online, 3, 4, 2, 3, 2, 2, meizu, 华硕, 中档品牌, 33BTgT@qq.com
Male, city, 1, 2203, 1682, 副业, 信用卡, yes, cloth, online, 1, 1, 1, 1, 1, 1, huawei, 联想, 普通品牌, RSYludsFw0b@126.com
Male, city, 1, 2191, 1180, 父母给予, 信用卡, yes, cloth, online, 2, 2, 1, 2, 2, 1, huawei, 联想, 普通品牌, 73aDZ@163.com
Male, city, 1, 2946, 2220, 信贷产品, 信用卡, no, dict, online, 2, 3, 2, 2, 2, 1, xiaomi, 戴尔, 普通品牌, ksaYbM23UAo@qq.com
Female, countryside, 3, 3687, 3462, 无, 信用卡, no, cream, offline, 3, 4, 3, 3, 2, 2, iphone, other, 中档品牌, ckJ75gEQKjl@sina.com
Female, countryside, 3, 3535, 3156, 无, 无, yes, elec, offline, 3, 4, 2, 3, 2, 2, iphone, 惠普, 中档品牌, FslCIq3@126.com
Male, city, 2, 4631, 2158, 无, 花呗, no, trval, online, 2, 4, 2, 2, 2, 1, xiaomi, 戴尔, 普通品牌, DdOQj4BY@sina.com
Male, city, 2, 3358, 5288, 无, 花呗, yes, trval, online, 2, 4, 2, 2, 2, 1, xiaomi, 戴尔, 普通品牌, w6KrT2@163.com
Male, city, 1, 1995, 3582, 父母给予, 信用卡, no, dict, online, 2, 3, 2, 2, 2, 1, huawei, 联想, 普通品牌, CfnL3h@qq.com
Male, city, 1, 2664, 4121, 信贷产品, 信用卡, yes, dict, online, 2, 3, 2, 2, 2, 1, xiaomi, 戴尔, 普通品牌, nP1DZHJayQ@sina.com
Female, countryside, 3, 5065, 6258, 无, 无, yes, elec, offline, 3, 4, 3, 3, 2, 2, iphone, 惠普, 中档品牌, Oh52Sdwlh@qq.com
Male, city, 1, 2159, 3565, 父母给予, 信用卡, yes, dict, online, 2, 3, 2, 2, 2, 1, xiaomi, 戴尔, 普通品牌, rZiu3y6Yog@163.com
Female, countryside, 3, 5029, 4433, 无, 信用卡, yes, cream, offline, 3, 4, 3, 3, 2, 2, iphone, other, 中档品牌, QFuTLHoqrD3@qq.com
Male, city, 1, 2439, 3081, 副业, 信用卡, no, cloth, online, 1, 1, 1, 1, 1, 1, huawei, 联想, 普通品牌, 3ht4A@qq.com
Female, township, 2, 4753, 2076, 无, 节呗, no, funny, online, 2, 4, 2, 3, 2, 2, oppo, 华硕, 中档品牌, lTdqbH9IAw@qq.com
Female, township, 2, 5187, 5652, 无, 美团月付, yes, study, online, 3, 4, 2, 3, 2, 2, meizu, 华硕, 中档品牌, jtu5pnHZ@163.com
Female, township, 2, 2663, 3549, 无, 花呗, yes, funny, online, 2, 4, 2, 2, 2, 2, oppo, 苹果, 普通品牌, Qb75fON@126.com
Female, township, 2, 3752, 1897, 无, 美团月付, yes, study, online, 3, 4, 2, 3, 2, 2, meizu, 华硕, 中档品牌, 4RQeHU@qq.com
Female, township, 2, 4351, 4069, 无, 花呗, yes, funny, online, 2, 4, 2, 3, 2, 2, oppo, 苹果, 普通品牌, TBkqy1LGAh@126.com
Male, city, 1, 1816, 1174, 副业, 信用卡, no, cloth, online, 1, 1, 1, 1, 1, 1, huawei, 联想, 普通品牌, j1WlgeqyD@126.com
Female, township, 2, 2994, 4475, 无, 无, no, study, online, 3, 4, 2, 3, 2, 2, iphone, 华硕, 中档品牌, NJcdEHfv1g@126.com
Female, countryside, 3, 2919, 4027, 无, 信用卡, yes, elec, offline, 3, 4, 3, 3, 2, 2, iphone, 惠普, 中档品牌, L1i6CE7JOf@163.com
Female, township, 2, 3365, 3954, 无, 节呗, no, funny, online, 2, 4, 2, 3, 2, 2, oppo, 华硕, 普通品牌, 7sOQmyB@163.com
Female, township, 2, 4386, 2507, 无, 美团月付, yes, study, online, 3, 4, 2, 3, 2, 2, meizu, 华硕, 中档品牌, e0OhB@126.com
Female, countryside, 3, 3758, 1977, 无, 信用卡, no, cream, offline, 3, 4, 3, 1, 2, 2, iphone, other, 中档品牌, X4zDcH@sina.com
Female, township, 2, 2527, 1887, 无, 花呗, yes, funny, online, 2, 4, 2, 3, 2, 2, oppo, 苹果, 普通品牌, 9ln5zAp6@sina.com
Male, city, 1, 1713, 4059, 副业, 信用卡, yes, cloth, online, 1, 1, 1, 1, 1, 1, huawei, 联想, 普通品牌, 5OclSK2@126.com
Male, city, 1, 2293, 2247, 副业, 信用卡, yes, cloth, online, 1, 1, 1, 1, 1, 1, huawei, 联想, 普通品牌, Ny57S@sina.com
Female, township, 2, 3175, 2693, 无, 花呗, yes, funny, online, 2, 4, 2, 2, 2, 2, oppo, 苹果, 普通品牌, NOwQ5a@126.com
Male, city, 1, 1601, 2352, 父母给予, 信用卡, yes, cloth, online, 2, 3, 1, 2, 2, 1, huawei, 联想, 普通品牌, QkP80la5qR@qq.com
Female, countryside, 3, 4539, 5391, 无, 信用卡, yes, elec, offline, 3, 4, 3, 3, 2, 2, iphone, other, 中档品牌, iJv0HLZeV@126.com
Female, countryside, 3, 5585, 3028, 无, 无, yes, elec, offline, 3, 4, 2, 3, 2, 2, iphone, 惠普, 中档品牌, Y7mqfX@sina.com
Male, city, 1, 1712, 1834, 无, 花呗, yes, dict, online, 2, 3, 2, 2, 2, 1, xiaomi, 戴尔, 普通品牌, ESxYvQ76R@sina.com
Male, city, 1, 2870, 4557, 副业, 信用卡, yes, cloth, online, 1, 2, 1, 1, 2, 1, huawei, 联想, 普通品牌, 5BhnJlLoA@sina.com
Female, township, 2, 4635, 5344, 无, 节呗, yes, funny, online, 3, 4, 2, 3, 2, 2, meizu, 华硕, 中档品牌, 9r4QzZeKE30@sina.com
Male, township, 2, 5331, 2758, 无, 花呗, yes, trval, online, 2, 4, 2, 2, 2, 2, xiaomi, 戴尔, 普通品牌, 20k8RTmAN@126.com
Female, township, 2, 4524, 1470, 无, 节呗, no, funny, online, 3, 4, 2, 3, 2, 2, meizu, 华硕, 中档品牌, 73s6xmwHZwX@qq.com
Male, city, 1, 1674, 1384, 父母给予, 信用卡, no, dict, online, 2, 3, 2, 2, 2, 1, xiaomi, 戴尔, 普通品牌, JTHTq3zv@163.com
Male, city, 1, 2923, 2239, 无, 花呗, no, trval, online, 2, 4, 2, 2, 2, 1, xiaomi, 戴尔, 普通品牌, XH0Iy6UpA@126.com
Female, countryside, 3, 4914, 5191, 无, 无, yes, elec, offline, 3, 4, 3, 3, 2, 2, iphone, 惠普, 中档品牌, CKTn5@126.com
Female, countryside, 3, 2972, 5119, 无, 信用卡, yes, cream, offline, 3, 4, 3, 1, 2, 2, iphone, other, 中档品牌, CJus7@163.com
Female, township, 2, 3702, 4705, 无, 节呗, yes, funny, online, 2, 4, 2, 3, 2, 2, oppo, 苹果, 普通品牌, tD33msoLK@126.com
Male, city, 1, 2446, 1155, 父母给予, 信用卡, yes, dict, online, 2, 3, 2, 2, 2, 1, huawei, 联想, 普通品牌, z4lkrWhR1@qq.com
Male, city, 1, 2043, 1032, 副业, 信用卡, no, cloth, online, 1, 1, 1, 1, 1, 1, huawei, 联想, 普通品牌, DpKq2@sina.com
Male, city, 1, 2419, 2652, 副业, 信用卡, yes, cloth, online, 2, 2, 1, 1, 2, 1, huawei, 联想, 普通品牌, 56nHov1wzIL@sina.com
Male, city, 1, 2498, 2105, 无, 花呗, yes, dict, online, 2, 3, 2, 2, 2, 1, xiaomi, 戴尔, 普通品牌, Ho4sY@sina.com
Male, city, 1, 1667, 2070, 父母给予, 信用卡, yes, dict, online, 2, 3, 2, 2, 2, 1, xiaomi, 戴尔, 普通品牌, ED3kWrtfHCq@126.com
Male, city, 1, 2445, 2111, 副业, 信用卡, no, cloth, online, 1, 1, 1, 1, 2, 1, huawei, 联想, 普通品牌, wC7zOqpI@sina.com
Female, township, 2, 4894, 5411, 无, 美团月付, no, study, online, 3, 4, 2, 3, 2, 2, meizu, 华硕, 中档品牌, 1mTpuSaA@sina.com
Female, countryside, 3, 3815, 4015, 无, 无, yes, elec, offline, 3, 4, 2, 3, 2, 2, iphone, 惠普, 中档品牌, 7RDPz7f8Kg0@126.com
Female, township, 2, 3300, 4058, 无, 花呗, yes, funny, online, 2, 4, 2, 2, 2, 2, oppo, 苹果, 普通品牌, bOy1I7pEA@sina.com
Female, countryside, 3, 3115, 4510, 无, 信用卡, yes, other, offline, 3, 4, 3, 1, 2, 2, other, other, 高档品牌, wRdG2cf973@qq.com
Male, city, 1, 2593, 2133, 父母给予, 信用卡, no, cloth, online, 2, 2, 1, 1, 2, 1, huawei, 联想, 普通品牌, FTXLpcjG5K6@qq.com
Male, city, 1, 1868, 1683, 无, 花呗, no, trval, online, 2, 4, 2, 2, 2, 1, xiaomi, 戴尔, 普通品牌, jWcTE0wKc@sina.com
Female, countryside, 3, 5819, 3527, 无, 无, yes, elec, offline, 3, 4, 3, 3, 2, 2, iphone, 惠普, 中档品牌, 4bESpa0vDz@sina.com
Female, township, 2, 4475, 3013, 无, 花呗, yes, funny, online, 2, 4, 2, 2, 2, 2, xiaomi, 戴尔, 普通品牌, Ef6ZvQN@126.com
Female, countryside, 3, 3357, 4658, 无, 无, no, study, offline, 3, 4, 2, 3, 2, 2, iphone, 惠普, 中档品牌, D7wxvqV5fQo@163.com
Male, city, 1, 2041, 3015, 信贷产品, 信用卡, no, dict, online, 2, 3, 2, 2, 2, 1, xiaomi, 戴尔, 普通品牌, Ing9tZY@qq.com
Female, township, 2, 4876, 3561, 无, 花呗, yes, funny, online, 2, 4, 2, 3, 2, 2, oppo, 苹果, 普通品牌, GRZT4haVM@163.com
Female, countryside, 3, 5358, 2026, 无, 无, yes, elec, offline, 3, 4, 3, 3, 2, 2, iphone, 惠普, 中档品牌, k0winS0OmVA@126.com
Female, township, 2, 5573, 2052, 无, 节呗, yes, funny, online, 3, 4, 2, 3, 2, 2, oppo, 华硕, 中档品牌, F6j3oNwKr4F@sina.com
Male, city, 1, 2218, 2264, 父母给予, 信用卡, yes, dict, online, 2, 3, 1, 2, 2, 1, huawei, 联想, 普通品牌, 1mcDW2k@sina.com
Female, township, 2, 2839, 4053, 无, 节呗, yes, funny, online, 3, 4, 2, 3, 2, 2, meizu, 华硕, 中档品牌, QGo4Qte@qq.com
Female, township, 2, 4749, 1704, 无, 美团月付, no, study, online, 3, 4, 2, 3, 2, 2, meizu, 华硕, 中档品牌, a0qeV@163.com
Female, township, 2, 5149, 4958, 无, 节呗, no, funny, online, 3, 4, 2, 3, 2, 2, meizu, 华硕, 中档品牌, PKim7IfHR@163.com
Female, township, 2, 2654, 4735, 无, 无, yes, study, online, 3, 4, 2, 3, 2, 2, iphone, 华硕, 中档品牌, VXVIC0v2mn@qq.com
Female, countryside, 3, 3068, 3076, 无, 无, no, elec, offline, 3, 4, 3, 3, 2, 2, iphone, 惠普, 中档品牌, Ezg4oRy@sina.com
Male, city, 1, 1793, 3242, 父母给予, 信用卡, yes, dict, online, 2, 3, 1, 2, 2, 1, huawei, 联想, 普通品牌, UXsT3F6v8r@qq.com
Male, city, 1, 2749, 2711, 父母给予, 信用卡, yes, cloth, online, 2, 2, 1, 2, 2, 1, huawei, 联想, 普通品牌, Zo2knrPmIl@qq.com
Female, township, 2, 3387, 3774, 无, 花呗, no, funny, online, 2, 4, 2, 2, 2, 2, xiaomi, 苹果, 普通品牌, gJ4MCk7m@sina.com
Female, countryside, 3, 5114, 4991, 无, 信用卡, yes, elec, offline, 3, 4, 3, 3, 2, 2, iphone, 惠普, 中档品牌, dIF7J@163.com
Male, city, 1, 2285, 2976, 父母给予, 信用卡, yes, dict, online, 2, 3, 1, 2, 2, 1, huawei, 联想, 普通品牌, kL5EqSw@qq.com
Male, city, 1, 2515, 4246, 父母给予, 信用卡, yes, cloth, online, 2, 2, 1, 2, 2, 1, huawei, 联想, 普通品牌, 5q5yX@sina.com
Male, city, 1, 2737, 1908, 父母给予, 信用卡, yes, dict, online, 2, 3, 2, 2, 2, 1, huawei, 联想, 普通品牌, 1cF5xpFg@sina.com
Male, city, 1, 2791, 4520, 父母给予, 信用卡, yes, dict, online, 2, 3, 2, 2, 2, 1, huawei, 联想, 普通品牌, rj6zw09P@qq.com
Female, countryside, 3, 4902, 2684, 无, 信用卡, yes, elec, offline, 3, 4, 3, 3, 2, 2, iphone, 惠普, 中档品牌, A60FHLbX@qq.com
Male, city, 1, 2760, 3887, 副业, 信用卡, yes, cloth, online, 1, 1, 1, 1, 1, 1, huawei, 联想, 普通品牌, eQsMRL4Tu@163.com
Male, city, 1, 2696, 4034, 副业, 信用卡, yes, cloth, online, 1, 2, 1, 1, 2, 1, huawei, 联想, 普通品牌, sc4JB@qq.com
Male, city, 1, 1948, 1978, 父母给予, 信用卡, yes, dict, online, 2, 3, 2, 2, 2, 1, xiaomi, 戴尔, 普通品牌, DnRKa41n@sina.com
Male, city, 1, 1979, 3665, 父母给予, 信用卡, no, cloth, online, 2, 2, 1, 1, 2, 1, huawei, 联想, 普通品牌, q0XFdvFmH0q@qq.com
Male, city, 1, 2542, 4081, 父母给予, 信用卡, yes, cloth, online, 2, 3, 1, 2, 2, 1, huawei, 联想, 普通品牌, sYYGrK7Xt@126.com
Male, city, 1, 1805, 2212, 父母给予, 信用卡, yes, cloth, online, 2, 2, 1, 2, 2, 1, huawei, 联想, 普通品牌, jnU3NL@qq.com
Female, countryside, 3, 3599, 4422, 无, 信用卡, no, elec, offline, 3, 4, 3, 3, 2, 2, iphone, other, 中档品牌, qpyY1jwoZD1@163.com
Female, countryside, 3, 3989, 4752, 无, 无, yes, study, offline, 3, 4, 2, 3, 2, 2, iphone, 华硕, 中档品牌, sG96o1@qq.com
Male, city, 1, 2419, 3597, 父母给予, 信用卡, yes, cloth, online, 2, 2, 1, 1, 2, 1, huawei, 联想, 普通品牌, Y02B8Zt@126.com
Female, township, 2, 2532, 4006, 无, 节呗, yes, funny, online, 3, 4, 2, 3, 2, 2, meizu, 华硕, 中档品牌, n7Vdu7Yx@qq.com
Male, city, 1, 2364, 1218, 父母给予, 信用卡, no, dict, online, 2, 3, 2, 2, 2, 1, huawei, 联想, 普通品牌, OqinSdEc0m5@163.com
Female, township, 2, 2690, 1499, 无, 节呗, yes, funny, online, 3, 4, 2, 3, 2, 2, meizu, 华硕, 中档品牌, nU1g6At0C@163.com
Male, township, 2, 3598, 5568, 无, 花呗, yes, funny, online, 2, 4, 2, 2, 2, 2, xiaomi, 戴尔, 普通品牌, uHW5Cw@sina.com
Male, city, 1, 1966, 3693, 副业, 信用卡, yes, cloth, online, 1, 1, 1, 1, 1, 1, huawei, 联想, 普通品牌, 1LU7Dp@126.com
Male, city, 1, 2297, 1361, 副业, 信用卡, no, cloth, online, 2, 2, 1, 1, 2, 1, huawei, 联想, 普通品牌, QelsvaGN9SI@sina.com
Male, city, 1, 2707, 4410, 父母给予, 信用卡, yes, cloth, online, 2, 2, 1, 2, 2, 1, huawei, 联想, 普通品牌, D6rE0wjl5@qq.com
Female, township, 2, 3319, 3850, 无, 节呗, yes, funny, online, 3, 4, 2, 3, 2, 2, meizu, 华硕, 中档品牌, ft78NS@163.com
Female, countryside, 3, 4491, 4269, 无, 信用卡, yes, cream, offline, 3, 4, 3, 1, 2, 2, iphone, other, 中档品牌, naAs1r3pYe@qq.com
Male, city, 1, 2592, 1703, 父母给予, 信用卡, yes, cloth, online, 2, 2, 1, 2, 2, 1, huawei, 联想, 普通品牌, 0JoVCNsKNF@sina.com
Female, township, 2, 4146, 5357, 无, 节呗, no, study, online, 3, 4, 2, 3, 2, 2, meizu, 华硕, 中档品牌, F65Tyng@163.com
Female, countryside, 3, 5626, 3681, 无, 无, no, elec, offline, 3, 4, 3, 3, 2, 2, iphone, 惠普, 中档品牌, fchOR76@126.com
Male, city, 1, 1655, 3957, 父母给予, 信用卡, no, dict, online, 2, 3, 1, 2, 2, 1, huawei, 联想, 普通品牌, 0hKVTz@qq.com
Female, countryside, 3, 3740, 4185, 无, 信用卡, yes, elec, offline, 3, 4, 3, 3, 2, 2, iphone, other, 中档品牌, wo2NvAlDH@163.com
Female, township, 2, 4005, 3294, 无, 节呗, yes, study, online, 3, 4, 2, 3, 2, 2, meizu, 华硕, 中档品牌, 3cOWxiJ@sina.com
Female, countryside, 3, 4099, 4988, 无, 无, no, elec, offline, 3, 4, 3, 3, 2, 2, iphone, 惠普, 中档品牌, 5M1lqseoMTJ@qq.com
Female, township, 2, 4060, 4831, 无, 节呗, yes, funny, online, 2, 4, 2, 3, 2, 2, oppo, 苹果, 普通品牌, 5TLnb@163.com
Female, countryside, 3, 5018, 6182, 无, 无, no, elec, offline, 3, 4, 3, 3, 2, 2, iphone, 惠普, 中档品牌, gES4Sf1@163.com
Female, countryside, 3, 3997, 4247, 无, 信用卡, yes, elec, offline, 3, 4, 3, 3, 2, 2, iphone, 惠普, 中档品牌, 0v2GkBM@sina.com
Female, countryside, 3, 5374, 2375, 无, 信用卡, yes, cream, offline, 3, 4, 3, 3, 2, 2, iphone, other, 中档品牌, fKvQ7XBgL@qq.com
Male, city, 1, 2635, 1722, 副业, 信用卡, no, cloth, online, 1, 1, 1, 1, 1, 1, huawei, 联想, 普通品牌, f6fFVPg@126.com
Male, city, 1, 2178, 2758, 无, 花呗, no, dict, online, 2, 3, 2, 2, 2, 1, xiaomi, 戴尔, 普通品牌, sKix9@163.com
Male, city, 1, 2152, 3731, 副业, 信用卡, yes, cloth, online, 1, 1, 1, 1, 2, 1, huawei, 联想, 普通品牌, mTvNI8wl@163.com
Male, city, 1, 2132, 1523, 副业, 信用卡, no, cloth, online, 1, 1, 1, 1, 1, 1, huawei, 联想, 普通品牌, pFNxtX35@qq.com
Female, township, 2, 2924, 5538, 无, 花呗, yes, funny, online, 2, 4, 2, 2, 2, 2, oppo, 苹果, 普通品牌, k6D38W@qq.com
Male, city, 1, 1962, 3628, 父母给予, 信用卡, yes, dict, online, 2, 3, 2, 2, 2, 1, xiaomi, 戴尔, 普通品牌, pE5O6@163.com
Male, city, 1, 2769, 2591, 无, 花呗, yes, dict, online, 2, 3, 2, 2, 2, 1, xiaomi, 戴尔, 普通品牌, uHzciN9PZ01@qq.com
Female, township, 2, 3953, 1865, 无, 节呗, yes, funny, online, 2, 4, 2, 3, 2, 2, oppo, 华硕, 普通品牌, 1q3a8Jhu@163.com
Male, city, 1, 2944, 4184, 副业, 信用卡, yes, cloth, online, 1, 2, 1, 1, 2, 1, huawei, 联想, 普通品牌, oZPPtBM9a7b@sina.com
Female, township, 2, 3910, 4464, 无, 花呗, yes, funny, online, 2, 4, 2, 2, 2, 2, oppo, 苹果, 普通品牌, Hf74j9M1a@qq.com
Female, township, 2, 4577, 5222, 无, 节呗, yes, funny, online, 2, 4, 2, 3, 2, 2, oppo, 苹果, 普通品牌, dAKDRi3dTP@126.com
Female, countryside, 3, 3040, 4794, 无, 信用卡, no, elec, offline, 3, 4, 3, 3, 2, 2, iphone, other, 中档品牌, y1KSfqXG@126.com
Female, township, 2, 2409, 5293, 无, 美团月付, yes, study, online, 3, 4, 2, 3, 2, 2, meizu, 华硕, 中档品牌, ertOklqDU7M@sina.com
Female, township, 2, 5593, 5768, 无, 节呗, no, funny, online, 2, 4, 2, 3, 2, 2, oppo, 苹果, 普通品牌, b7ZIY@163.com
Male, city, 1, 2220, 3199, 父母给予, 信用卡, yes, cloth, online, 2, 2, 1, 2, 2, 1, huawei, 联想, 普通品牌, ruEYRKi8h@126.com
Female, township, 2, 3477, 3385, 无, 节呗, yes, funny, online, 3, 4, 2, 3, 2, 2, meizu, 华硕, 中档品牌, g6eAtGnnF@163.com
Female, countryside, 3, 4940, 2155, 无, 信用卡, yes, cream, offline, 3, 4, 3, 3, 2, 2, iphone, other, 中档品牌, qAC6d@sina.com
Female, township, 2, 3224, 4381, 无, 花呗, yes, funny, online, 2, 4, 2, 3, 2, 2, oppo, 苹果, 普通品牌, loi3LTMD5@sina.com
Female, township, 2, 3832, 4670, 无, 花呗, no, funny, online, 2, 4, 2, 2, 2, 2, oppo, 苹果, 普通品牌, fdpw4D@126.com
Male, city, 1, 2762, 2038, 副业, 信用卡, yes, cloth, online, 2, 2, 1, 1, 2, 1, huawei, 联想, 普通品牌, 3FPYJs@126.com
Male, city, 1, 2937, 1628, 父母给予, 信用卡, yes, dict, online, 2, 3, 2, 2, 2, 1, xiaomi, 联想, 普通品牌, U8g0No5@qq.com
Male, city, 1, 2539, 3545, 无, 花呗, yes, trval, online, 2, 4, 2, 2, 2, 1, xiaomi, 戴尔, 普通品牌, bAyPeU63@126.com
Male, city, 1, 2070, 1232, 信贷产品, 信用卡, no, dict, online, 2, 3, 2, 2, 2, 1, xiaomi, 戴尔, 普通品牌, YW4HCKn@qq.com
Female, township, 2, 5111, 1891, 无, 节呗, no, funny, online, 2, 4, 2, 3, 2, 2, oppo, 华硕, 普通品牌, MDL8h@qq.com
Female, countryside, 3, 2866, 4750, 无, 无, yes, study, offline, 3, 4, 2, 3, 2, 2, iphone, 华硕, 中档品牌, uYe3RJ@163.com
Male, city, 1, 2954, 1466, 父母给予, 信用卡, yes, cloth, online, 2, 2, 1, 2, 2, 1, huawei, 联想, 普通品牌, 5qPv6TFH@sina.com
Female, countryside, 3, 4553, 4334, 无, 无, yes, elec, offline, 3, 4, 3, 3, 2, 2, iphone, 惠普, 中档品牌, hzrw89FqGg@163.com
Male, township, 2, 4415, 3996, 无, 花呗, no, trval, online, 2, 4, 2, 2, 2, 2, xiaomi, 戴尔, 普通品牌, pu1lAQX@qq.com
Male, city, 1, 2814, 1805, 父母给予, 信用卡, no, dict, online, 2, 3, 1, 2, 2, 1, huawei, 联想, 普通品牌, D74RVa@sina.com
Male, city, 1, 1672, 3428, 无, 花呗, yes, dict, online, 2, 3, 2, 2, 2, 1, xiaomi, 戴尔, 普通品牌, syV8L8H@sina.com
Male, city, 1, 2305, 3671, 副业, 信用卡, no, cloth, online, 2, 2, 1, 1, 2, 1, huawei, 联想, 普通品牌, kvgKL1aR@126.com
Female, township, 2, 5062, 2685, 无, 节呗, yes, funny, online, 2, 4, 2, 3, 2, 2, oppo, 苹果, 普通品牌, 9VU540tn@163.com
Female, countryside, 3, 3934, 3227, 无, 信用卡, no, other, offline, 3, 4, 3, 1, 2, 2, other, other, 高档品牌, Cm1VjpO@126.com
Female, countryside, 3, 5206, 2070, 无, 信用卡, yes, cream, offline, 3, 4, 3, 1, 2, 2, iphone, other, 中档品牌, JUmz3nnWM@126.com
Female, township, 2, 4042, 4730, 无, 花呗, no, funny, online, 2, 4, 2, 2, 2, 2, oppo, 苹果, 普通品牌, Evb9v6W2M4@163.com
Male, city, 1, 2562, 3644, 无, 花呗, no, trval, online, 2, 4, 2, 2, 2, 1, xiaomi, 戴尔, 普通品牌, XhxJ3Myvw@126.com
Female, township, 2, 4033, 4085, 无, 节呗, no, funny, online, 3, 4, 2, 3, 2, 2, meizu, 华硕, 中档品牌, 9EHsYv2@qq.com
Female, township, 2, 4604, 2026, 无, 节呗, yes, funny, online, 3, 4, 2, 3, 2, 2, oppo, 华硕, 中档品牌, sOYXk7u@163.com
Female, township, 2, 5469, 2558, 无, 无, yes, study, online, 3, 4, 2, 3, 2, 2, iphone, 华硕, 中档品牌, 5j9Df@sina.com
Female, township, 2, 3947, 2118, 无, 节呗, yes, funny, online, 2, 4, 2, 3, 2, 2, oppo, 苹果, 普通品牌, SXh5oL@qq.com
Female, township, 2, 2744, 3441, 无, 节呗, no, funny, online, 2, 4, 2, 3, 2, 2, oppo, 苹果, 普通品牌, Yox5l@163.com
Male, city, 1, 2263, 1059, 父母给予, 信用卡, yes, cloth, online, 2, 2, 1, 1, 2, 1, huawei, 联想, 普通品牌, bqtrMbE4@126.com
Male, city, 1, 1922, 3914, 无, 花呗, yes, trval, online, 2, 4, 2, 2, 2, 1, xiaomi, 戴尔, 普通品牌, ehvGn5M@qq.com
Male, city, 1, 2851, 3039, 父母给予, 信用卡, no, dict, online, 2, 3, 2, 2, 2, 1, xiaomi, 联想, 普通品牌, Bn1z04@126.com
Female, countryside, 3, 3279, 4655, 无, 信用卡, yes, cream, offline, 3, 4, 3, 3, 2, 2, iphone, other, 中档品牌, UzXt9j@qq.com
Male, city, 1, 2066, 4018, 父母给予, 信用卡, yes, dict, online, 2, 3, 1, 2, 2, 1, huawei, 联想, 普通品牌, jzIWxu6c6ad@126.com
Female, countryside, 3, 3503, 3341, 无, 信用卡, yes, other, offline, 3, 1, 3, 1, 2, 2, other, other, 高档品牌, iLX0W@sina.com
Male, township, 2, 3191, 3079, 无, 花呗, yes, funny, online, 2, 4, 2, 2, 2, 2, xiaomi, 戴尔, 普通品牌, o57Tt@sina.com
Male, city, 1, 2665, 3245, 副业, 信用卡, yes, cloth, online, 1, 1, 1, 1, 1, 1, huawei, 联想, 普通品牌, uXtzG9ogFqU@126.com
Male, city, 1, 2207, 4228, 父母给予, 信用卡, no, dict, online, 2, 3, 2, 2, 2, 1, xiaomi, 戴尔, 普通品牌, ODPrm4@qq.com
Male, township, 2, 3486, 4202, 无, 花呗, yes, trval, online, 2, 4, 2, 2, 2, 2, xiaomi, 戴尔, 普通品牌, luuk3izVG@163.com
Female, township, 2, 5428, 3294, 无, 节呗, no, funny, online, 2, 4, 2, 3, 2, 2, oppo, 苹果, 普通品牌, lG3IuzodX1U@126.com
Male, city, 1, 1677, 1695, 无, 花呗, no, dict, online, 2, 3, 2, 2, 2, 1, xiaomi, 戴尔, 普通品牌, Sx9D5qT@163.com
Male, city, 1, 1600, 4109, 父母给予, 信用卡, yes, cloth, online, 2, 2, 1, 2, 2, 1, huawei, 联想, 普通品牌, CAOqRnmgPG9@qq.com
Male, city, 1, 2527, 3583, 副业, 信用卡, yes, cloth, online, 1, 1, 1, 1, 1, 1, huawei, 联想, 普通品牌, 0G9JcfL@126.com
Female, township, 2, 3566, 5162, 无, 节呗, yes, funny, online, 3, 4, 2, 3, 2, 2, meizu, 华硕, 中档品牌, 5p7XlPJ@sina.com
Male, city, 1, 1720, 1175, 父母给予, 信用卡, no, dict, online, 2, 3, 2, 2, 2, 1, xiaomi, 戴尔, 普通品牌, dr2v0OH@126.com
Male, city, 1, 2400, 2992, 父母给予, 信用卡, no, cloth, online, 2, 2, 1, 2, 2, 1, huawei, 联想, 普通品牌, 04pX09gZ@qq.com
Male, city, 1, 2539, 1155, 父母给予, 信用卡, yes, dict, online, 2, 3, 1, 2, 2, 1, huawei, 联想, 普通品牌, IXRjuON2@qq.com
Female, township, 3, 5807, 4044, 无, 无, yes, study, online, 3, 4, 2, 3, 2, 2, iphone, 华硕, 中档品牌, mv5q6tRxwIy@126.com
Male, city, 1, 2488, 4215, 副业, 信用卡, yes, cloth, online, 1, 1, 1, 1, 1, 1, huawei, 联想, 普通品牌, yEtsvw0@qq.com
Male, city, 2, 5174, 2094, 无, 花呗, no, trval, online, 2, 4, 2, 2, 2, 1, xiaomi, 戴尔, 普通品牌, 70o4KI@163.com
Male, city, 2, 3790, 5012, 无, 花呗, yes, trval, online, 2, 4, 2, 2, 2, 2, xiaomi, 戴尔, 普通品牌, Fyf4u3@qq.com
Female, countryside, 3, 4302, 5644, 无, 信用卡, no, elec, offline, 3, 4, 3, 3, 2, 2, iphone, 惠普, 中档品牌, 8mMRKzDv7sd@sina.com
Male, city, 1, 2405, 3555, 父母给予, 信用卡, no, dict, online, 2, 3, 2, 2, 2, 1, xiaomi, 戴尔, 普通品牌, pyvW7OXt@126.com
Female, countryside, 3, 3730, 2118, 无, 信用卡, no, cream, offline, 3, 4, 3, 3, 2, 2, iphone, other, 中档品牌, 1MCrXpm@sina.com
Male, city, 1, 2403, 3124, 父母给予, 信用卡, yes, cloth, online, 2, 2, 1, 2, 2, 1, huawei, 联想, 普通品牌, d5EuH@126.com
Female, township, 2, 4930, 4927, 无, 节呗, yes, funny, online, 3, 4, 2, 3, 2, 2, meizu, 华硕, 中档品牌, ipb6aQtLqPP@126.com
Female, township, 2, 2765, 1415, 无, 美团月付, no, study, online, 3, 4, 2, 3, 2, 2, meizu, 华硕, 中档品牌, 2OeryS@163.com
Male, city, 1, 2768, 1527, 父母给予, 信用卡, yes, cloth, online, 2, 2, 1, 1, 2, 1, huawei, 联想, 普通品牌, tT27HM1@sina.com
Female, countryside, 3, 3423, 3494, 无, 无, yes, elec, offline, 3, 4, 3, 3, 2, 2, iphone, 惠普, 中档品牌, B8v9iIr@126.com
