sex, from, grade, salary, cost, income, net_money, economic_pressure, cost_main, cost_way, electronic_option, luxury_option, game_option, music_option, star, financical_option, phone, computer, cream, email
Female, township,2,5270,5846, 无, 借呗, no, funny, online,2,4,2,3,2,2, oppo, 苹果, 普通品牌, iNEfkeTCOhFa0VDtn9
Male, city,1,2030,5004, 父母给予, 信用卡, no, dict, online,2,3,2,2,2,1, 华为, 联想, 普通品牌, IK0hoIy14RQ6ZNDHFBi
Male, city,1,2070,4298, 副业, 信用卡, no, cloth, online,2,2,1,1,2,1, 华为, 联想, 普通品牌, 4e1nFANJr9gPLlB6DTQ
Female, township,2,4680,2313, 无, 花呗, no, funny, online,2,4,2,2,2,2, oppo, 苹果, 普通品牌, tDx6zPvGA83a1ZMk4TN
Female, township,2,4180,3222, 无, 借呗, no, funny, online,2,4,2,3,2,2, oppo, 华硕, 中档品牌, veZCKR3xM5E9WrlSFj
Male, city,1,2490,4642, 无, 花呗, no, dict, online,2,3,2,2,2,1, 小米, 戴尔, 普通品牌, tRvSoLd1EUimnea3Np9
Male, city,1,2270,2130, 无, 花呗, yes, trval, online,2,4,2,2,2,1, 小米, 戴尔, 普通品牌, Dszh0MVufXBYxa4aKr
Male, city,1,2590,1930, 无, 花呗, no, trval, online,2,4,2,2,2,1, 小米, 戴尔, 普通品牌, c47sOBrZgnuTUr3DVz
Male, city,1,2900,3459, 父母给予, 信用卡, yes, dict, online,2,3,1,2,2,1, 华为, 联想, 普通品牌, Sj2Kwlc3GRaM9lHxDH
Female, township,2,3300,2994, 无, 京东白条, no, study, online,3,4,2,3,2,2, 魅族, 华硕, 中档品牌, GNoZSb2UevyIg4C1mn
Female, countryside,3,3200,6676, 无, 无, no, elec, offline,3,4,3,3,2,2, iphone, 惠普, 中档品牌, i5r6QS9wRJy2IbPE7H
Female, countryside,3,3870,4625, 无, 信用卡, no, other, offline,3,1,3,1,2,2, other, other, 高档品牌, jVlbidTyzn7TM85AHjO
Male, city,1,2280,2150, 父母给予, 信用卡, yes, dict, online,2,3,2,2,2,1, 小米, 戴尔, 普通品牌, 05shANgFxQmBIR7Sw6M
Female, township,2,4990,2382, 无, 借呗, no, funny, online,2,4,2,3,2,2, oppo, 华硕, 中档品牌, o1CcqgHYLKav4pjI7MW
Male, city,1,2180,1599, 副业, 信用卡, yes, cloth, online,1,1,1,1,1,1, 华为, 联想, 普通品牌, 48ywFpaCGdERHqT6jnh
Male, city,1,1670,3328, 父母给予, 信用卡, no, cloth, online,2,2,1,2,2,1, 华为, 联想, 普通品牌, 9URBVsC72tZQALjf3tP
Male, township,2,3690,5861, 无, 花呗, no, trval, online,2,4,2,2,2,2, 小米, 戴尔, 普通品牌, B4xgWg0Dezvts1KQUS
Male, city,1,1850,958, 副业, 信用卡, yes, cloth, online,2,2,1,1,2,1, 华为, 联想, 普通品牌, nDgCJvr3aYT3qAkVUB
Female, countryside,3,3360,6758, 无, 信用卡, yes, cream, offline,3,4,3,1,2,2, iphone, other, 中档品牌, 5PfG42AFyPn3I2eg0h
Male, city,1,2160,980, 父母给予, 信用卡, yes, dict, online,2,3,2,2,2,1, 小米, 戴尔, 普通品牌, cE2Va6iwXFBsRp7bL4
Male, city,1,1620,3588, 父母给予, 信用卡, no, dict, online,2,3,2,2,2,1, 小米, 戴尔, 普通品牌, 6Lz1p03dryKAHC7etZj
Male, city,1,2940,2299, 父母给予, 信用卡, yes, cloth, online,2,2,1,2,2,1, 华为, 联想, 普通品牌, ETx9smqnMvvkg2EdoG
Female, countryside,3,2960,1726, 无, 信用卡, yes, elec, offline,3,4,3,3,2,2, iphone, other, 中档品牌, B12ayh9m7dEJlNgIvkV
Male, city,1,2210,4042, 无, 花呗, yes, dict, online,2,3,2,2,2,1, 小米, 戴尔, 普通品牌, vdL9z5fXeKZUN0yCjb
Male, city,1,2670,4596, 无, 花呗, yes, dict, online,2,3,2,2,2,1, 小米, 戴尔, 普通品牌, n4G2rQgPHOm8BxFjZN3
Female, township,2,2870,1392, 无, 借呗, no, funny, online,3,4,2,3,2,2, 魅族, 华硕, 中档品牌, ZNBgSmTL9ac531fdoB
Female, township,2,4230,1269, 无, 京东白条, yes, study, online,3,4,2,3,2,2, 魅族, 华硕, 中档品牌, rT9ASD4FEiOJalL2jY
Female, township,2,3210,1716, 无, 京东白条, no, study, online,3,4,2,3,2,2, 魅族, 华硕, 中档品牌, OypNVMajwYbFGEigA6
Male, city,1,2850,1480, 无, 花呗, yes, dict, online,2,3,2,2,2,1, 小米, 戴尔, 普通品牌, sgN5uOFYp7LClrMoVK
Female, township,2,4590,2754, 无, 花呗, no, funny, online,2,4,2,2,2,2, oppo, 苹果, 普通品牌, VQP78ZwGqUs9C1tBeFN
Male, township,2,5090,4416, 无, 花呗, yes, funny, online,2,4,2,2,2,2, 小米, 戴尔, 普通品牌, cSQbDCZqz5gOiPEmWjn
Male, city,1,1930,3641, 父母给予, 信用卡, no, dict, online,2,3,1,2,2,1, 华为, 联想, 普通品牌, rnZtAv3S9DEWLB48mC
Male, city,1,1720,3902, 无, 花呗, no, trval, online,2,4,2,2,2,1, 小米, 戴尔, 普通品牌, Q8MfInzp6aA2q3HOSB
Male, city,1,2530,1524, 父母给予, 信用卡, no, cloth, online,2,2,1,1,2,1, 华为, 联想, 普通品牌, UBdWC17nE8fKkp4iSt
Female, countryside,3,5870,3380, 无, 信用卡, yes, cream, offline,3,4,3,1,2,2, iphone, other, 中档品牌, rGUQt0jI9i4ovzZMR3
Male, city,1,2780,1755, 无, 花呗, yes, trval, online,2,4,2,2,2,1, 小米, 戴尔, 普通品牌, 8lrJWOFYcoZgRfbpjkL
Male, township,2,2920,1472, 无, 花呗, yes, funny, online,2,4,2,2,2,2, 小米, 戴尔, 普通品牌, rAfIZlbafGmDIj3yHQ
Male, city,1,2530,3588, 副业, 信用卡, no, cloth, online,1,2,1,1,2,1, 华为, 联想, 普通品牌, BbSG4902MZUiYGd7Olg
Female, township,2,2510,3159, 无, 借呗, no, funny, online,3,4,2,3,2,2, 魅族, 华硕, 中档品牌, RtPu5N1GlHVO0KDh5ae
Female, township,2,2680,2790, 无, 借呗, yes, funny, online,3,4,2,3,2,2, 魅族, 华硕, 中档品牌, jyK89qst165BUGYXPL
Male, city,1,2220,4241, 无, 花呗, yes, trval, online,2,4,2,2,2,1, 小米, 戴尔, 普通品牌, Tph5BJXcO9sAu4GbWq
Female, countryside,3,5250,6534, 无, 无, no, elec, offline,3,4,3,3,2,2, iphone, 惠普, 中档品牌, h37MAY8RaxOwcrVEpx
Female, township,2,2660,2442, 无, 花呗, no, funny, online,2,4,2,2,2,2, 小米, 戴尔, 普通品牌, AUxH7pgW3sMRzelVFw
Female, township,2,2370,4205, 无, 花呗, yes, funny, online,2,4,2,2,2,2, oppo, 苹果, 普通品牌, JCeq1jAfsacTgWF0Wb
Male, city,1,1650,4132, 副业, 信用卡, no, cloth, online,1,1,1,1,1,1, 华为, 联想, 普通品牌, 2BN0i14cubMPqdRHxQ2
Male, city,1,2080,5004, 父母给予, 信用卡, no, dict, online,2,3,2,2,2,1, 小米, 戴尔, 普通品牌, lMkoMd7r9AFy0iPROl
Female, countryside,3,3300,4811, 无, 信用卡, yes, cream, offline,3,4,3,3,2,2, iphone, other, 中档品牌, dxMVaVio2BYIt7KQCjr
Female, countryside,3,2910,1713, 无, 无, yes, elec, offline,3,4,3,3,2,2, iphone, 惠普, 中档品牌, RciIKZHGbYJF8d1o0x
Male, city,1,2520,1008, 父母给予, 信用卡, yes, dict, online,2,3,2,2,2,1, 小米, 戴尔, 普通品牌, LEJ1p6D0sHaOX6nTRiw
Male, city,1,2670,5256, 信贷产品, 信用卡, yes, dict, online,2,3,2,2,2,1, 小米, 戴尔, 普通品牌, cUOrksMI2i4OnioS9G6
Female, countryside,3,5330,4720, 无, 信用卡, yes, cream, offline,3,4,3,1,2,2, iphone, other, 中档品牌, cPx4LICFy6oVqfbGkh
Male, city,1,2290,1192, 父母给予, 信用卡, yes, dict, online,2,3,2,2,2,1, 小米, 戴尔, 普通品牌, oc4hGumUqd2wyZYItH0
Male, city,1,2260,3485, 父母给予, 信用卡, yes, cloth, online,2,2,1,2,2,1, 华为, 联想, 普通品牌, emXnLhoTdtF9HvqJypO
Female, countryside,3,5200,5426, 无, 无, no, elec, offline,3,4,2,3,2,2, iphone, 惠普, 中档品牌, U2Fg0c2Pi3B9wenSGDj
Female, township,2,4530,5674, 无, 无, no, study, online,3,4,2,3,2,2, iphone, 华硕, 中档品牌, cVp6zrj4fa3m9W3uXWP
Female, township,2,2340,2742, 无, 借呗, yes, funny, online,3,4,2,3,2,2, 魅族, 华硕, 中档品牌, jvcYPmdAXB7Mi1hg9WB
Male, city,1,1900,4811, 父母给予, 信用卡, no, dict, online,2,3,2,2,2,1, 小米, 戴尔, 普通品牌, 3DIo6LuI8TMeqrEanX
Male, city,1,2740,4961, 父母给予, 信用卡, yes, cloth, online,2,2,1,2,2,1, 华为, 联想, 普通品牌, 9Z8UwdC6bJgTKDNnLF
Male, city,1,2510,2434, 父母给予, 信用卡, no, cloth, online,2,2,1,1,2,1, 华为, 联想, 普通品牌, 0376SxFVjDQvidgX0oW
Female, countryside,3,5790,3452, 无, 信用卡, yes, elec, offline,3,4,3,3,2,2, iphone, 惠普, 中档品牌, F7sTOejwrfuY8oEtxM
Female, countryside,3,3140,2815, 无, 信用卡, no, elec, offline,3,4,3,3,2,2, iphone, other, 中档品牌, 9Dvso75VP1IIpgwz9Q
Female, township,2,3790,2323, 无, 京东白条, no, study, online,3,4,2,3,2,2, 魅族, 华硕, 中档品牌, 5cWaXA9KTRMwOBz00e8
Male, city,1,2640,5194, 父母给予, 信用卡, no, cloth, online,2,2,1,2,2,1, 华为, 联想, 普通品牌, 61e5AAOFhVn0pyr8xl
Female, countryside,3,5680,5531, 无, 信用卡, yes, cream, offline,3,4,3,1,2,2, iphone, other, 中档品牌, 1mMv0z6qfEXrETigyG
Female, countryside,3,3720,6433, 无, 信用卡, no, cream, offline,3,4,3,3,2,2, iphone, other, 中档品牌, 8w1iNcA3CV8mg9KRVz
Female, township,2,3560,1322, 无, 花呗, yes, funny, online,2,4,2,2,2,2, oppo, 苹果, 普通品牌, otLgnAiHkejefFImE9
Male, city,1,2110,2102, 副业, 信用卡, yes, cloth, online,1,1,1,1,2,1, 华为, 联想, 普通品牌, TJYEuwIgRAUm5yV472C
Female, township,2,3820,2886, 无, 借呗, yes, funny, online,2,4,2,3,2,2, oppo, 苹果, 普通品牌, xaq7zeQbPVmUJF1M98C
Male, city,1,2360,824, 父母给予, 信用卡, yes, dict, online,2,3,2,2,2,1, 小米, 戴尔, 普通品牌, Ib4BuO2ENqS7rc2Pn8u
Male, city,1,2250,2144, 父母给予, 信用卡, yes, cloth, online,2,2,1,1,2,1, 华为, 联想, 普通品牌, dzJ5ga0p28kPj1MF9VP
Female, township,2,4990,6284, 无, 借呗, yes, funny, online,2,4,2,3,2,2, oppo, 华硕, 普通品牌, DHmIhVNoGaB1mfl9eF
Female, countryside,3,5120,6350, 无, 无, yes, study, offline,3,4,2,3,2,2, iphone, 华硕, 中档品牌, PdLkDOG1V7NQR8MtcHr
Female, township,2,2770,2833, 无, 花呗, yes, funny, online,2,4,2,3,2,2, oppo, 苹果, 普通品牌, EyAvpOo8eWcYZIV09h
Male, city,1,2440,1246, 信贷产品, 信用卡, yes, dict, online,2,3,2,2,2,1, 小米, 戴尔, 普通品牌, aubvKgGtw0Pz32Qsjrl
Female, countryside,3,5290,6025, 无, 无, no, elec, offline,3,4,2,3,2,2, iphone, 惠普, 中档品牌, 5mlYfaUeg3HDi9jY6PW
Male, city,1,2530,4934, 无, 花呗, yes, dict, online,2,3,2,2,2,1, 小米, 戴尔, 普通品牌, 0pQDVcMdiuFDtraLWJ
Female, countryside,3,3240,7049, 无, 信用卡, no, cream, offline,3,4,3,1,2,2, iphone, other, 中档品牌, 0slNc2hGojJJu7bntB
Female, countryside,3,3210,3106, 无, 无, no, elec, offline,3,4,2,3,2,2, iphone, 惠普, 中档品牌, TzS6XYs9kyhiVM1oD3
Male, city,1,2870,3363, 副业, 信用卡, yes, cloth, online,1,1,1,1,1,1, 华为, 联想, 普通品牌, Sk23JuKn0dmoyarRIE
Male, city,1,2150,4834, 父母给予, 信用卡, yes, cloth, online,2,2,1,2,2,1, 华为, 联想, 普通品牌, pzaL0XoDerbTELG5Cf
Female, township,2,3420,5962, 无, 京东白条, yes, study, online,3,4,2,3,2,2, 魅族, 华硕, 中档品牌, VqwfpQX7j08IRoP7bH4
Female, countryside,3,5520,2712, 无, 信用卡, yes, elec, offline,3,4,3,3,2,2, iphone, 惠普, 中档品牌, IGw5up8hNJ4HLviqxA
Male, city,1,2230,4053, 父母给予, 信用卡, yes, dict, online,2,3,1,2,2,1, 华为, 联想, 普通品牌, qRSjfTeicY8bvtW76I
Female, township,2,4280,2051, 无, 借呗, yes, funny, online,2,4,2,3,2,2, oppo, 华硕, 普通品牌, 1ZXwPLgfIUGbHnB2dAj
Female, township,2,4550,3116, 无, 京东白条, no, study, online,3,4,2,3,2,2, 魅族, 华硕, 中档品牌, tcgvd9hkVyqRFf5Silj
Male, city,1,2180,1746, 父母给予, 信用卡, yes, cloth, online,2,3,1,2,2,1, 华为, 联想, 普通品牌, fjbcrwqWKUZwM5dFX13
Female, countryside,3,5180,7074, 无, 无, no, study, offline,3,4,2,3,2,2, iphone, 华硕, 中档品牌, pNPAx1Lw5GT6Umn5ZH
Male, city,1,2910,4805, 信贷产品, 信用卡, yes, dict, online,2,3,2,2,2,1, 小米, 戴尔, 普通品牌, praHy3w4AOq2WuMQDvV
Male, city,1,2980,1348, 父母给予, 信用卡, no, cloth, online,2,3,1,2,2,1, 华为, 联想, 普通品牌, HE21qgpJBkhrrIlcP7v
Female, township,2,3520,1928, 无, 花呗, no, funny, online,2,4,2,3,2,2, oppo, 苹果, 普通品牌, gYqMLeF4L39x80rW5RI
Female, countryside,3,5450,1976, 无, 无, yes, elec, offline,3,4,2,3,2,2, iphone, 惠普, 中档品牌, GVXLJ28sIqvwt8fmbF
Female, countryside,3,5190,3396, 无, 无, yes, elec, offline,3,4,3,3,2,2, iphone, 惠普, 中档品牌, Nfcn81xpdIYOsLKaql
Female, township,2,5590,5389, 无, 花呗, yes, funny, online,2,4,2,2,2,2, 小米, 戴尔, 普通品牌, zP3Kwa2dWfh96eFYSs
Female, township,2,5150,5765, 无, 花呗, no, funny, online,2,4,2,2,2,2, oppo, 苹果, 普通品牌, LtFRXK25y2OTBIzkCM
Female, township,2,5290,5526, 无, 京东白条, no, study, online,3,4,2,3,2,2, 魅族, 华硕, 中档品牌, otGbZKx9ETp5sLX8FS
Female, countryside,3,4480,4742, 无, 信用卡, yes, other, offline,3,1,3,1,2,2, other, other, 高档品牌, IgGknK99rMBfvlvLpM
Female, township,2,3730,5211, 无, 借呗, no, funny, online,3,4,2,3,2,2, 魅族, 华硕, 中档品牌, GVinXF2fdgOMrkWtbH
Male, city,1,2480,1899, 父母给予, 信用卡, no, dict, online,2,3,1,2,2,1, 华为, 联想, 普通品牌, G6A5mDbJO8tUqkKpQzl
Male, city,1,2330,888, 副业, 信用卡, no, cloth, online,1,1,1,1,1,1, 华为, 联想, 普通品牌, Mr8ejCqAxk7f1OJYD97
Male, city,1,2860,2340, 父母给予, 信用卡, yes, cloth, online,2,2,1,2,2,1, 华为, 联想, 普通品牌, lOC69iF9UzZgX1nJh2S
Female, countryside,3,3920,2291, 无, 无, yes, elec, offline,3,4,2,3,2,2, iphone, 惠普, 中档品牌, 5Ua4W1uHRrootl3sX0
Female, countryside,3,5710,6721, 无, 无, yes, study, offline,3,4,2,3,2,2, iphone, 华硕, 中档品牌, ks2bOWeKu813M7FEmN
Female, township,2,2550,5778, 无, 借呗, no, funny, online,3,4,2,3,2,2, 魅族, 华硕, 中档品牌, IEnPb7DZ9kNB5yrcSj
Female, countryside,3,4640,2928, 无, 信用卡, yes, cream, offline,3,4,3,1,2,2, iphone, other, 高档品牌, 1NdeQET7MH4ZWbccsf
Male, city,1,1900,1062, 父母给予, 信用卡, yes, cloth, online,2,2,1,2,2,1, 华为, 联想, 普通品牌, vDmePbqR2wCIl0X3qY
Male, city,1,2740,1213, 父母给予, 信用卡, no, dict, online,2,3,1,2,2,1, 华为, 联想, 普通品牌, HkM99ypT51I0orJvym
Male, city,1,2520,3325, 无, 信用卡, yes, dict, online,2,3,2,2,2,1, 小米, 戴尔, 普通品牌, amSxPJRYx5u7MOneqlV
Female, township,2,2780,4222, 无, 京东白条, no, study, online,3,4,2,3,2,2, 魅族, 华硕, 中档品牌, q2uIWt6gSYCjKh1Dvy
Male, city,1,2350,1584, 副业, 信用卡, yes, cloth, online,1,1,1,1,1,1, 华为, 联想, 普通品牌, jfJDRl0LyPM2d8Cp30
Female, township,2,3340,2300, 无, 借呗, yes, funny, online,3,4,2,3,2,2, 魅族, 华硕, 中档品牌, vunceaD58FzKQrW4R9
Male, city,2,2590,6652, 无, 花呗, yes, trval, online,2,4,2,2,2,1, 小米, 戴尔, 普通品牌, t0X2AK5kpSg6GocCVQy
Female, countryside,3,4000,5584, 无, 无, yes, elec, offline,3,4,3,3,2,2, iphone, 惠普, 中档品牌, GLQPHVxmcWfMCr9L32
Female, township,2,2530,5408, 无, 借呗, yes, funny, online,2,4,2,3,2,2, oppo, 华硕, 普通品牌, 9GmRFUh31LcBAyIswZ
Male, city,2,5260,6236, 无, 花呗, yes, trval, online,2,4,2,2,2,1, 小米, 戴尔, 普通品牌, nec9ClNCK98mFyhPoY
Female, countryside,3,4890,4622, 无, 信用卡, no, cream, offline,3,4,3,1,2,2, iphone, other, 中档品牌, wenA6P1cK6DFexv3ZR8
Male, city,1,2610,2245, 父母给予, 信用卡, yes, cloth, online,2,2,1,1,2,1, 华为, 联想, 普通品牌, cZ8HtEoJsD2YH7ba1c
Male, city,1,2520,1154, 无, 花呗, yes, trval, online,2,4,2,2,2,1, 小米, 戴尔, 普通品牌, oAJZgkZFL7ydU46sHf
Female, countryside,3,5610,2336, 无, 无, yes, elec, offline,3,4,3,3,2,2, iphone, 惠普, 中档品牌, dYELyeNYtAzx93JOug
Male, city,1,2260,4188, 父母给予, 信用卡, yes, dict, online,2,3,2,2,2,1, 小米, 联想, 普通品牌, Bp7xlX2LiWtWhNGEFC
Female, countryside,3,3210,2312, 无, 信用卡, no, cream, offline,3,4,3,1,2,2, iphone, other, 中档品牌, k40nFZVQlPf9OtvSgM
Female, countryside,3,3750,1875, 无, 信用卡, no, other, offline,3,4,3,1,2,2, other, other, 高档品牌, iMpJhG9vLw5tPYn0SZd
Female, countryside,3,4000,5777, 无, 信用卡, no, elec, offline,3,4,3,3,2,2, iphone, other, 中档品牌, HywcaZ33E5P6WUCr1iY
Female, township,2,5560,3003, 无, 借呗, no, funny, online,2,4,2,3,2,2, oppo, 苹果, 普通品牌, uFW3XgK1haT1D4Esoy
Female, countryside,3,4910,2667, 无, 信用卡, yes, other, offline,3,4,3,1,2,2, other, other, 高档品牌, tk9PK8AhdrF2BpzJjWq
Female, countryside,3,5760,5540, 无, 无, yes, elec, offline,3,4,2,3,2,2, iphone, 惠普, 中档品牌, CKJx3RIFwBrN7G7ns9
Female, township,2,4750,4862, 无, 借呗, yes, study, online,3,4,2,3,2,2, 魅族, 华硕, 中档品牌, nACAM3q9xiN9FI7oVz
Female, township,2,5110,4329, 无, 无, yes, study, online,3,4,2,3,2,2, iphone, 华硕, 中档品牌, 9EC4hwYX8deUHlmAJF
Female, township,2,5290,2817, 无, 借呗, no, study, online,3,4,2,3,2,2, 魅族, 华硕, 中档品牌, ENJWSL9Fp4uS1Mkog3a
Female, township,2,4430,2673, 无, 花呗, yes, funny, online,2,4,2,2,2,2, 小米, 戴尔, 普通品牌, LduOdYjmrJ8DoLcZ1h8
Male, city,1,2710,4641, 父母给予, 信用卡, yes, cloth, online,2,2,1,2,2,1, 华为, 联想, 普通品牌, P8SMjZx1ivIrAwzJFPm
Female, township,2,5200,6508, 无, 花呗, yes, funny, online,2,4,2,2,2,2, oppo, 苹果, 普通品牌, yA6QCTM7oE4Wvtjqim
Male, city,1,2440,3258, 父母给予, 信用卡, yes, cloth, online,2,2,1,2,2,1, 华为, 联想, 普通品牌, sGopmkPbIz5vhFOM9V
Male, city,1,1950,2462, 信贷产品, 信用卡, no, dict, online,2,3,2,2,2,1, 小米, 戴尔, 普通品牌, 2897TcYseft3VNZwgi
Male, city,1,2830,2236, 父母给予, 信用卡, yes, cloth, online,2,3,1,2,2,1, 华为, 联想, 普通品牌, upP2gHWntS2GEZUoY4z
Male, city,1,2020,944, 父母给予, 信用卡, no, dict, online,2,3,2,2,2,1, 小米, 戴尔, 普通品牌, 2z6Ko7P9wTEndOGA3g
Female, countryside,3,4300,1782, 无, 无, yes, elec, offline,3,4,3,3,2,2, iphone, 惠普, 中档品牌, yJ258aUPu4sKqLz5vb6
Female, township,2,2910,1767, 无, 借呗, yes, funny, online,2,4,2,3,2,2, oppo, 华硕, 中档品牌, NWg9Mp3tTzPyuDiEJb
Female, township,2,4330,2351, 无, 借呗, no, funny, online,2,4,2,3,2,2, oppo, 苹果, 普通品牌, aM1bfgJTwou7sc9SPM
Female, countryside,3,5550,2285, 无, 无, yes, elec, offline,3,4,2,3,2,2, iphone, 惠普, 中档品牌, Ty38GDVXArdgosZP7x
Male, city,1,1960,3540, 父母给予, 信用卡, yes, cloth, online,2,2,1,1,2,1, 华为, 联想, 普通品牌, YQfGcw56wKpTAnJRVMu
Female, township,2,4900,4516, 无, 花呗, yes, funny, online,2,4,2,3,2,2, oppo, 苹果, 普通品牌, 7RGEVuardWy8Og9DPt
Female, countryside,3,3480,2471, 无, 信用卡, no, other, offline,3,4,3,1,2,2, other, other, 高档品牌, 3bSCyQuGKW1Jgwqmkv
Female, township,2,5210,5624, 无, 花呗, yes, funny, online,2,4,2,2,2,2, oppo, 苹果, 普通品牌, HyUwkoBAYJ4eKSnEaF
Male, city,1,2670,2152, 父母给予, 信用卡, yes, dict, online,2,3,2,2,2,1, 小米, 戴尔, 普通品牌, zK8VTFxt70M6uDFUq8
Male, city,1,2260,1735, 副业, 信用卡, yes, cloth, online,1,1,1,1,1,1, 华为, 联想, 普通品牌, 25c9NrsYHAPKm3GgFVi
Male, city,1,1720,4635, 父母给予, 信用卡, no, dict, online,2,3,2,2,2,1, 华为, 联想, 普通品牌, 65l9pmLZucRWdKs58y
Male, city,1,2140,4598, 副业, 信用卡, yes, cloth, online,2,2,1,1,2,1, 华为, 联想, 普通品牌, szlXQkKNE0gABvnSRa
Female, countryside,3,2990,5051, 无, 无, yes, elec, offline,3,4,3,3,2,2, iphone, 惠普, 中档品牌, AjbOqR9BYUhA5IT7SP
Female, countryside,3,5130,3082, 无, 信用卡, yes, other, offline,3,1,3,1,2,2, other, other, 高档品牌, qWv6boY8Zpa1EwBzIl
Female, township,2,3920,5995, 无, 花呗, no, funny, online,2,4,2,3,2,2, oppo, 苹果, 普通品牌, 7hOnIBYGce7dWgfKjpt
Female, countryside,3,4920,6380, 无, 无, yes, elec, offline,3,4,2,3,2,2, iphone, 惠普, 中档品牌, 8nhDTj9AsVxy9wTSNi
Female, countryside,3,4400,5880, 无, 信用卡, yes, cream, offline,3,4,3,1,2,2, iphone, other, 中档品牌, i2pjigfb8MIFwJVy158
Male, city,1,2840,2021, 副业, 信用卡, no, cloth, online,1,1,1,1,1,1, 华为, 联想, 普通品牌, dvUyuRY3h1rMBvzq7J
Female, township,2,4720,1326, 无, 借呗, yes, funny, online,3,4,2,3,2,2, oppo, 华硕, 中档品牌, dDPSsjWXW1sILBlA1UQ
Male, city,2,2490,5721, 无, 花呗, yes, trval, online,2,4,2,2,2,1, 小米, 戴尔, 普通品牌, LQmV3KiC05FkgEPw8R3
Female, countryside,3,5790,2343, 无, 信用卡, yes, other, offline,3,1,3,1,2,2, other, other, 高档品牌, tlKfSeHz2vijmTuT3a
Female, countryside,3,3970,2272, 无, 无, yes, elec, offline,3,4,3,3,2,2, iphone, 惠普, 中档品牌, GZ6t0kALnsqTBX4WbOE
Male, city,1,1950,1220, 副业, 信用卡, yes, cloth, online,2,2,1,1,2,1, 华为, 联想, 普通品牌, mLvj3FN1UlGD3gzwUCk
Female, township,2,2870,2346, 无, 花呗, yes, funny, online,2,4,2,2,2,2, oppo, 苹果, 普通品牌, xFGWqivT8oZwFL0mRe
Female, township,2,4070,1764, 无, 花呗, no, funny, online,2,4,2,3,2,2, oppo, 苹果, 普通品牌, x8ApUh9GuGadbORTEi
Male, city,1,2710,2123, 副业, 信用卡, yes, cloth, online,1,1,1,1,1,1, 华为, 联想, 普通品牌, nKJh5bZMFDLsGhTC5U
Female, countryside,3,4820,1857, 无, 无, no, elec, offline,3,4,2,3,2,2, iphone, 惠普, 中档品牌, KNq3PWwLwsT03DZSoh
Female, countryside,3,5470,6981, 无, 信用卡, no, cream, offline,3,4,3,1,2,2, iphone, other, 高档品牌, FCTzYJGt9wNYpsrg0Ah
Male, township,2,2480,3022, 无, 花呗, yes, funny, online,2,4,2,2,2,2, 小米, 戴尔, 普通品牌, xkqg0V1SlZxp5fJiO9A
Male, city,1,2480,4725, 父母给予, 信用卡, yes, cloth, online,2,2,1,2,2,1, 华为, 联想, 普通品牌, c5zIT64GRsWvXxqStZ
Male, city,2,4980,6734, 无, 花呗, yes, trval, online,2,4,2,2,2,1, 小米, 戴尔, 普通品牌, xmpTs0gZNKyh38I1eeH
Female, township,2,3660,4992, 无, 京东白条, yes, study, online,3,4,2,3,2,2, 魅族, 华硕, 中档品牌, 2mBk1Ix53waQrAfVHP
Male, city,1,2080,2205, 父母给予, 信用卡, yes, dict, online,2,3,1,2,2,1, 华为, 联想, 普通品牌, lRANBVrFIt2J7iCX4m4
Female, countryside,3,4740,6577, 无, 无, no, elec, offline,3,4,3,3,2,2, iphone, 惠普, 中档品牌, M20UGZiJY7yzBhveXg3
Male, city,1,1720,3796, 父母给予, 信用卡, no, cloth, online,2,2,1,2,2,1, 华为, 联想, 普通品牌, ig9bnqDAJf7m9VDHZ2
Female, township,2,4080,6179, 无, 借呗, yes, funny, online,3,4,2,3,2,2, 魅族, 华硕, 中档品牌, LXDdprjthqnBlvHo7V
Female, countryside,3,4370,3148, 无, 信用卡, no, cream, offline,3,4,3,3,2,2, iphone, other, 中档品牌, EiTgGjoL88Vmy1IBFwB
Female, township,2,3630,2771, 无, 借呗, yes, funny, online,3,4,2,3,2,2, 魅族, 华硕, 中档品牌, O9GLQxRtZ6cVqW4UXj
Female, countryside,3,4680,5344, 无, 信用卡, no, elec, offline,3,4,3,3,2,2, iphone, 惠普, 中档品牌, zrs04uI6L1iP8aBSZAM
Female, township,2,5520,1991, 无, 借呗, yes, funny, online,2,4,2,3,2,2, oppo, 华硕, 中档品牌, UxNlIY32Si14vL5sJfW
Male, city,1,2830,4120, 副业, 信用卡, yes, cloth, online,2,2,1,1,2,1, 华为, 联想, 普通品牌, 7tSOVhn4MH2GD46J0K
Male, city,1,2840,2263, 无, 花呗, no, trval, online,2,4,2,2,2,1, 小米, 戴尔, 普通品牌, sKffu78l4DG5Stj1IZ
Female, township,2,2360,1658, 无, 京东白条, yes, study, online,3,4,2,3,2,2, 魅族, 华硕, 中档品牌, pJHxFtbiNs9IaKdqGm1
Male, city,1,1670,1807, 副业, 信用卡, yes, cloth, online,1,1,1,1,1,1, 华为, 联想, 普通品牌, teZYXK5CEu8vdViB4xe
Male, city,1,1960,1254, 父母给予, 信用卡, yes, cloth, online,2,2,1,2,2,1, 华为, 联想, 普通品牌, 2OtFxAr1MpncRed9QB
Male, city,1,2910,4501, 副业, 信用卡, yes, cloth, online,1,1,1,1,1,1, 华为, 联想, 普通品牌, 4ZRi1MzVvgPJbXy1lLd
Female, township,2,3980,5645, 无, 借呗, yes, funny, online,3,4,2,3,2,2, 魅族, 华硕, 中档品牌, QAjtP9NKBZ2gExlZow
Female, township,2,4410,5204, 无, 无, no, study, online,3,4,2,3,2,2, iphone, 华硕, 中档品牌, Q8WduyScrRwnqGHUce1
Female, countryside,3,5750,2865, 无, 信用卡, yes, cream, offline,3,4,3,1,2,2, iphone, other, 中档品牌, w2jYS5nrgXNqR6bsDo
Male, city,1,2380,4386, 无, 花呗, no, dict, online,2,3,2,2,2,1, 小米, 戴尔, 普通品牌, 2biQLc7v38S6GRTxHkB
Female, countryside,3,4040,5299, 无, 无, no, elec, offline,3,4,3,3,2,2, iphone, 惠普, 中档品牌, CNXkO75jLPA2sEo01D9
Male, city,1,2970,2136, 父母给予, 信用卡, no, cloth, online,2,2,1,2,2,1, 华为, 联想, 普通品牌, lj05H4Cdfge9iBKk8FS
Male, city,1,2320,4571, 父母给予, 信用卡, no, cloth, online,2,2,1,2,2,1, 华为, 联想, 普通品牌, h4Z1LxUEC4mVFMHuybQ
Female, township,2,5180,4984, 无, 借呗, yes, funny, online,2,4,2,3,2,2, oppo, 华硕, 中档品牌, Hi65h4RYlULqKfPeZ6
Male, city,1,2860,2268, 父母给予, 信用卡, yes, cloth, online,2,2,1,2,2,1, 华为, 联想, 普通品牌, dzXTowHtRZ1s3GCxxS
Female, countryside,3,3070,3118, 无, 无, yes, elec, offline,3,4,3,3,2,2, iphone, 惠普, 中档品牌, nfUaGZgXW67wAFq5zT
Female, township,2,4190,6267, 无, 借呗, no, funny, online,3,4,2,3,2,2, 魅族, 华硕, 中档品牌, IW1jXTN947G9PoeRZB
Female, countryside,3,2820,7099, 无, 无, no, study, offline,3,4,2,3,2,2, iphone, 华硕, 中档品牌, GTR1CZMfHD4karuEed
Female, township,2,3730,2055, 无, 借呗, yes, funny, online,2,4,2,3,2,2, oppo, 华硕, 普通品牌, 4Vj8pJIAslSWuY3NrEi
Male, city,1,1720,1012, 无, 花呗, no, dict, online,2,3,2,2,2,1, 小米, 戴尔, 普通品牌, Ro9HTFMEZhw1vfUMBtm
Male, city,1,2720,1092, 副业, 信用卡, yes, cloth, online,1,2,1,1,2,1, 华为, 联想, 普通品牌, 6Q9wfkmra74i5FkQDG
Female, township,2,5020,1319, 无, 借呗, no, funny, online,3,4,2,3,2,2, 魅族, 华硕, 中档品牌, RrEYwb6Tn0hdaXcBFfe
Female, township,2,3380,6361, 无, 借呗, yes, funny, online,2,4,2,3,2,2, oppo, 华硕, 中档品牌, X1xzeZf7R8b9iCzp4D
Female, township,2,2500,2358, 无, 花呗, yes, funny, online,2,4,2,2,2,2, oppo, 苹果, 普通品牌, e7dap4aIytQ8N5iSFK
Female, township,2,5520,6161, 无, 无, yes, study, online,3,4,2,3,2,2, iphone, 华硕, 中档品牌, VIzlw3MGGqXv4fT0Kng
Female, township,2,3670,2116, 无, 京东白条, no, study, online,3,4,2,3,2,2, 魅族, 华硕, 中档品牌, eM4NVDVEz3gWw0qAlr
Male, city,1,2030,2229, 副业, 信用卡, no, cloth, online,2,2,1,1,2,1, 华为, 联想, 普通品牌, sJlfxmASMwG361KT24p
Female, township,2,3440,4452, 无, 借呗, yes, funny, online,2,4,2,3,2,2, oppo, 苹果, 普通品牌, UP9yu8VqBn32WY0dot
Female, countryside,3,4450,6064, 无, 无, no, elec, offline,3,4,3,3,2,2, iphone, 惠普, 中档品牌, 25peSrnDKoyZWYfv0dq
Female, township,2,5180,1776, 无, 借呗, no, funny, online,2,4,2,3,2,2, oppo, 华硕, 普通品牌, X0jfoURbAbpexItPBGa
Female, township,2,2780,4546, 无, 京东白条, yes, study, online,3,4,2,3,2,2, 魅族, 华硕, 中档品牌, ucGUA3jIMiLdhqlbapW
Male, city,1,2780,1739, 父母给予, 信用卡, yes, cloth, online,2,2,1,1,2,1, 华为, 联想, 普通品牌, 09WDvoTmhedZPbXC22
Male, city,1,1830,2320, 父母给予, 信用卡, no, dict, online,2,3,2,2,2,1, 小米, 戴尔, 普通品牌, YDw5S8f47pJBsKjkH9y
Female, township,2,5590,6566, 无, 京东白条, yes, study, online,3,4,2,3,2,2, 魅族, 华硕, 中档品牌, CcKDI63eomxdVquPYg7
Male, city,1,1750,2283, 父母给予, 信用卡, yes, dict, online,2,3,2,2,2,1, 小米, 戴尔, 普通品牌, RoyvmGPZba7uA58fT4
Male, city,1,1690,1740, 父母给予, 信用卡, yes, cloth, online,2,2,1,1,2,1, 华为, 联想, 普通品牌, vLxA9CyQbJI5nM4Hcj
Female, township,2,2560,1885, 无, 花呗, yes, funny, online,2,4,2,2,2,2, oppo, 苹果, 普通品牌, DuSMOin0X6KWt1aCce4
Female, township,2,4840,2736, 无, 借呗, no, funny, online,2,4,2,3,2,2, oppo, 华硕, 中档品牌, vlUwQB4g93jPLxMukP
Male, city,1,2440,4426, 父母给予, 信用卡, yes, cloth, online,2,3,1,2,2,1, 华为, 联想, 普通品牌, 24n5BrwYAXfabyr0eUE
Male, city,1,2420,2115, 无, 花呗, no, dict, online,2,3,2,2,2,1, 小米, 戴尔, 普通品牌, 8UMJ5FQEOwxP9jWgkm
Female, countryside,3,5990,6329, 无, 信用卡, yes, cream, offline,3,4,3,3,2,2, iphone, other, 中档品牌, 6520XSpijvMgwQys5LU
Male, city,1,2220,4978, 父母给予, 信用卡, yes, dict, online,2,3,2,2,2,1, 华为, 联想, 普通品牌, fgrMHxOe81YXZvxCGQ
Female, countryside,3,4850,5947, 无, 信用卡, yes, elec, offline,3,4,3,3,2,2, iphone, other, 中档品牌, YBhH2qQVCmLddxg8vF
Male, city,1,2300,2027, 副业, 信用卡, yes, cloth, online,1,1,1,1,1,1, 华为, 联想, 普通品牌, xU318Tkn72koC0qVbP
Female, township,2,2620,2107, 无, 借呗, no, funny, online,3,4,2,3,2,2, 魅族, 华硕, 中档品牌, Hs7Mm5WK2t1hVNL8LkQ
Female, township,2,3120,1355, 无, 花呗, yes, funny, online,2,4,2,2,2,2, oppo, 苹果, 普通品牌, vkM1xEzNEHtiSj4D0O
Female, countryside,3,5230,2901, 无, 无, yes, elec, offline,3,4,3,3,2,2, iphone, 惠普, 中档品牌, rdFpFRf0DjXSKsYJ9Q
Female, countryside,3,5080,4899, 无, 无, no, elec, offline,3,4,3,3,2,2, iphone, 惠普, 中档品牌, B04eD1sTWmgCe6Vcd25
Male, city,1,2460,4365, 父母给予, 信用卡, no, dict, online,2,3,2,2,2,1, 华为, 联想, 普通品牌, gxOUDmdaK9iT01LHXk
Female, countryside,3,2830,5973, 无, 无, yes, elec, offline,3,4,3,3,2,2, iphone, 惠普, 中档品牌, WkIa5qQMzhZHsyKWD2
Female, countryside,3,5350,3022, 无, 信用卡, yes, elec, offline,3,4,3,3,2,2, iphone, 惠普, 中档品牌, MJx1pUlTrCK08nvezmJ
Female, countryside,3,4240,6021, 无, 信用卡, no, elec, offline,3,4,3,3,2,2, iphone, other, 中档品牌, 2R9DfZ8Sgp6vVOA1hnl
Female, countryside,3,4750,6602, 无, 信用卡, yes, elec, offline,3,4,3,3,2,2, iphone, 惠普, 中档品牌, q8ypLaSzwQWuXTNkP0T
Female, countryside,3,3550,3591, 无, 无, yes, elec, offline,3,4,2,3,2,2, iphone, 惠普, 中档品牌, NZzUam2qGiWT2r3OPLn
Male, city,2,5420,6696, 无, 花呗, no, trval, online,2,4,2,2,2,1, 小米, 戴尔, 普通品牌, h0CP2cA61yoBExDnGbz
Male, city,1,2830,2029, 父母给予, 信用卡, no, dict, online,2,3,2,2,2,1, 小米, 戴尔, 普通品牌, brz3pJwW3XTVo5fUGMY
Male, city,1,2520,927, 无, 信用卡, no, dict, online,2,3,2,2,2,1, 小米, 戴尔, 普通品牌, Hht9m1XcaTYOfd4Exv6
Male, city,1,1880,4685, 无, 花呗, yes, dict, online,2,3,2,2,2,1, 小米, 戴尔, 普通品牌, G7vXR5YSNzLgHoh31MA
Female, countryside,3,4980,2942, 无, 无, yes, elec, offline,3,4,3,3,2,2, iphone, 惠普, 中档品牌, IDJk8nNK8LFTi3veXzZ
Female, township,2,4120,1891, 无, 花呗, yes, funny, online,2,4,2,2,2,2, oppo, 苹果, 普通品牌, mrcicDZGoHSPqJxB758
Female, township,2,4130,1739, 无, 借呗, no, funny, online,2,4,2,3,2,2, oppo, 苹果, 普通品牌, Jcpv3NP9Tjq3gXt4ial
Female, township,2,4260,5153, 无, 无, no, study, online,3,4,2,3,2,2, iphone, 华硕, 中档品牌, c378y4y1nzfImsGeAJ
Male, city,1,2120,1485, 副业, 信用卡, yes, cloth, online,1,1,1,1,1,1, 华为, 联想, 普通品牌, 6v3GPj75mc2KEaCd0dN
Female, township,2,5340,5045, 无, 花呗, yes, funny, online,2,4,2,2,2,2, 小米, 戴尔, 普通品牌, KU9Hwx5xPdfUivV2Ch
Male, city,1,1740,1768, 父母给予, 信用卡, no, dict, online,2,3,1,2,2,1, 华为, 联想, 普通品牌, EBtU3PZ4iHoAsxeKMVo
Female, countryside,3,3070,3112, 无, 无, no, study, offline,3,4,2,3,2,2, iphone, 惠普, 中档品牌, PjlVduUnAa2QkXBtpzr
Male, city,1,2340,1026, 父母给予, 信用卡, no, dict, online,2,3,2,2,2,1, 小米, 联想, 普通品牌, R6Wh7UxmxrqJZe9dip
Male, city,1,2950,3578, 副业, 信用卡, no, cloth, online,2,2,1,1,2,1, 华为, 联想, 普通品牌, lRns4ifh7SMgrcmWDgq
Female, township,2,3050,5462, 无, 借呗, yes, funny, online,2,4,2,3,2,2, oppo, 苹果, 普通品牌, n7atzgFbuSckAM1P3p8
Male, city,1,1640,3733, 父母给予, 信用卡, yes, dict, online,2,3,2,2,2,1, 小米, 戴尔, 普通品牌, NPl2rWbjHGHzbiBcE4Q
Male, city,1,1710,5097, 父母给予, 信用卡, yes, cloth, online,2,3,1,2,2,1, 华为, 联想, 普通品牌, TYw3zIfHJOBpkMa5ct
Female, township,2,2890,4840, 无, 无, no, study, online,3,4,2,3,2,2, iphone, 华硕, 中档品牌, gX0KiUXQTbZmqcFfa28
Male, city,1,2260,3940, 副业, 信用卡, no, cloth, online,1,1,1,1,1,1, 华为, 联想, 普通品牌, n2IyUfYXCsBL6z7gpl
Male, city,1,2520,1206, 父母给予, 信用卡, yes, dict, online,2,3,1,2,2,1, 华为, 联想, 普通品牌, d0N17M28jAbaORDXLpf
Male, city,1,1730,940, 副业, 信用卡, yes, cloth, online,1,1,1,1,1,1, 华为, 联想, 普通品牌, TnH72m8VSBd9qCesW6
Male, city,1,2570,4782, 副业, 信用卡, yes, cloth, online,1,2,1,1,2,1, 华为, 联想, 普通品牌, wQpxX76nJuHms0c3gh
Female, countryside,3,3850,1593, 无, 信用卡, yes, cream, offline,3,4,3,1,2,2, iphone, other, 高档品牌, 7fDezTk55nYrCZdOtkH
Female, township,2,5310,6235, 无, 京东白条, yes, study, online,3,4,2,3,2,2, 魅族, 华硕, 中档品牌, z0hTvy1tgxQw4ROK6m
Female, countryside,3,2820,6010, 无, 信用卡, yes, elec, offline,3,4,3,3,2,2, iphone, 惠普, 中档品牌, clMjaRYOv3fBhEwPrI
Female, countryside,3,3820,7289, 无, 无, no, elec, offline,3,4,3,3,2,2, iphone, 惠普, 中档品牌, n1YHgbu092gN0NvALp
Male, city,1,1780,5172, 父母给予, 信用卡, yes, cloth, online,2,2,1,1,2,1, 华为, 联想, 普通品牌, HKknxSPgCQGtwl3IJza
Female, township,2,4220,5460, 无, 花呗, no, funny, online,2,4,2,2,2,2, oppo, 苹果, 普通品牌, GAPZIGv9Vr4DyYiu2t
Female, countryside,3,5740,3503, 无, 信用卡, yes, cream, offline,3,4,3,1,2,2, iphone, other, 中档品牌, dG1OymoX2Q7cWCz15K
Female, countryside,3,3570,7171, 无, 信用卡, no, cream, offline,3,4,3,1,2,2, iphone, other, 高档品牌, jQ1wFcLeE3JSTyZf8Z
Female, township,2,2910,4462, 无, 京东白条, yes, study, online,3,4,2,3,2,2, 魅族, 华硕, 中档品牌, rYVQIz0nB5dAUW0iHE
Male, city,1,1660,4417, 父母给予, 信用卡, no, cloth, online,2,3,1,2,2,1, 华为, 联想, 普通品牌, hHUdOuo4DQ4FPgjMeN
Male, city,1,1870,3548, 无, 花呗, no, dict, online,2,3,2,2,2,1, 小米, 戴尔, 普通品牌, sp2d9CDgP1JeLilkK27
Male, city,1,2390,4291, 无, 花呗, yes, trval, online,2,4,2,2,2,1, 小米, 戴尔, 普通品牌, q7flVY91JyknIHJ4bk
Female, township,2,2460,5043, 无, 京东白条, yes, study, online,3,4,2,3,2,2, 魅族, 华硕, 中档品牌, BNErX785KbJjceTLQAG
Male, city,1,2830,4250, 父母给予, 信用卡, yes, dict, online,2,3,2,2,2,1, 小米, 戴尔, 普通品牌, 3QmZ4IeKczXkgM2Qidx
Male, city,1,1950,4242, 父母给予, 信用卡, no, dict, online,2,3,1,2,2,1, 华为, 联想, 普通品牌, UkAMgf1ze4OCLDwQl0e
Female, countryside,3,5180,1530, 无, 信用卡, yes, elec, offline,3,4,3,3,2,2, iphone, other, 中档品牌, KN0uqEJTXB8nE3ju1I
Female, countryside,3,4980,2457, 无, 信用卡, no, cream, offline,3,4,3,1,2,2, iphone, other, 中档品牌, yL78fIxcO2BKZrPC4m
Female, countryside,3,3000,5410, 无, 无, yes, elec, offline,3,4,2,3,2,2, iphone, 惠普, 中档品牌, p7kYATE1bqIQcaIyhO4
Male, city,1,2010,4141, 无, 花呗, yes, trval, online,2,4,2,2,2,1, 小米, 戴尔, 普通品牌, 7KOeYuj6F7w3vblAnL
Male, city,1,2120,4754, 父母给予, 信用卡, yes, dict, online,2,3,2,2,2,1, 华为, 联想, 普通品牌, gXAIM7OEKGvSsMmq4u
Male, city,1,2070,4725, 副业, 信用卡, yes, cloth, online,1,2,1,1,2,1, 华为, 联想, 普通品牌, lvSJQCf7RA2gXwIqjxh
Male, city,1,2290,3564, 父母给予, 信用卡, yes, cloth, online,2,2,1,2,2,1, 华为, 联想, 普通品牌, L59sQ4rsovj5ynMF0J
Female, township,2,4850,5866, 无, 借呗, yes, funny, online,2,4,2,3,2,2, oppo, 苹果, 普通品牌, RDICasMk7co66p1nlhH
Female, township,2,3410,1329, 无, 京东白条, no, study, online,3,4,2,3,2,2, iphone, 华硕, 中档品牌, kIH0DgpJ9VEoFbgmMwN
Female, countryside,3,4620,6502, 无, 信用卡, yes, other, offline,3,1,3,1,2,2, other, other, 高档品牌, 6yT7moxU3PQH4CuwOrB
Female, township,2,3600,2052, 无, 无, yes, study, online,3,4,2,3,2,2, iphone, 华硕, 中档品牌, eBsamxUJcMr04oOFVP
Female, township,2,5400,4907, 无, 京东白条, no, study, online,3,4,2,3,2,2, 魅族, 华硕, 中档品牌, nSqH32uOUr5o0Ql6Yw
Female, township,2,2830,5362, 无, 花呗, no, funny, online,2,4,2,2,2,2, oppo, 苹果, 普通品牌, bmT78P6wpfAVItasxrQ
Male, city,1,2900,3387, 父母给予, 信用卡, yes, dict, online,2,3,2,2,2,1, 小米, 戴尔, 普通品牌, Ub8wI8UM1JGQLrNvsft
Female, countryside,3,3000,5562, 无, 无, yes, study, offline,3,4,2,3,2,2, iphone, 华硕, 中档品牌, JltU976k53ZuyiwHxo0
Female, township,2,4210,5918, 无, 借呗, yes, funny, online,3,4,2,3,2,2, 魅族, 华硕, 中档品牌, 0IeEwiPL1vPr4OappU6
Female, countryside,3,5710,5616, 无, 无, no, elec, offline,3,4,3,3,2,2, iphone, 惠普, 中档品牌, L5jDh8z2Xr4PxS3XpYl
Female, countryside,3,5430,5638, 无, 信用卡, yes, elec, offline,3,4,3,3,2,2, iphone, other, 中档品牌, iW1AHL9Xg85RJz46Ov
Male, city,1,2470,2009, 副业, 信用卡, no, cloth, online,1,2,1,1,2,1, 华为, 联想, 普通品牌, SpfJyiSf9LNQq8b6Pas
Male, city,1,2120,3708, 无, 花呗, yes, trval, online,2,4,2,2,2,1, 小米, 戴尔, 普通品牌, nEei0ZRjo9gsYws8PPq
Female, countryside,3,5090,5545, 无, 无, yes, elec, offline,3,4,3,3,2,2, iphone, 惠普, 中档品牌, mCHajb3QVXZglv8unrF
Female, countryside,3,3290,1920, 无, 无, no, elec, offline,3,4,3,3,2,2, iphone, 惠普, 中档品牌, BoLDcvZTK6wq7hCHOfj
Female, countryside,3,3040,7230, 无, 无, no, elec, offline,3,4,2,3,2,2, iphone, 惠普, 中档品牌, 3b6wGO01OVBrsmx2uzx
Male, city,1,2230,3728, 副业, 信用卡, yes, cloth, online,1,1,1,1,1,1, 华为, 联想, 普通品牌, I9RWCH0r5ZJkMg69vd
Female, township,2,3430,5518, 无, 借呗, no, funny, online,3,4,2,3,2,2, 魅族, 华硕, 中档品牌, Dzj168eVpDpybLt0cxw
Male, city,1,1660,4915, 无, 花呗, no, dict, online,2,3,2,2,2,1, 小米, 戴尔, 普通品牌, 5VDiOB7PjnEcbeFzAC
Male, city,1,2750,4314, 副业, 信用卡, yes, cloth, online,1,1,1,1,2,1, 华为, 联想, 普通品牌, iA652clZQBfxEYRKsrq
Female, township,2,5500,6387, 无, 借呗, no, funny, online,2,4,2,3,2,2, oppo, 华硕, 普通品牌, MY8VnnEsUd1gyNJa2rc
Male, city,1,1730,1740, 父母给予, 信用卡, no, cloth, online,2,2,1,2,2,1, 华为, 联想, 普通品牌, g4xSTod0lBLuKxVJnq
Female, countryside,3,3940,4606, 无, 信用卡, no, cream, offline,3,4,3,1,2,2, iphone, other, 高档品牌, mnOg0ycIsM7dCD62hj3
Female, township,2,2960,4685, 无, 借呗, yes, funny, online,2,4,2,3,2,2, oppo, 苹果, 普通品牌, 1WWCg7Ot8AbV52EM6P4
Female, countryside,3,4590,2665, 无, 信用卡, yes, elec, offline,3,4,3,3,2,2, iphone, 惠普, 中档品牌, fbDy9OxCKphX0eAYEiO
Male, city,1,1900,2067, 父母给予, 信用卡, yes, cloth, online,2,2,1,2,2,1, 华为, 联想, 普通品牌, I9AyreU7a1DpVTQqi4M
Male, city,1,2680,3900, 无, 花呗, yes, trval, online,2,4,2,2,2,1, 小米, 戴尔, 普通品牌, hRdreDSZ6X5yMSsE71
Female, township,2,2420,4636, 无, 借呗, no, funny, online,3,4,2,3,2,2, 魅族, 华硕, 中档品牌, Lv6FPCJaquNZ9eKg2G7
Male, city,1,1770,1649, 无, 花呗, yes, trval, online,2,4,2,2,2,1, 小米, 戴尔, 普通品牌, fUxc4PT6hlnVqLkNHpw
Male, city,1,1680,909, 父母给予, 信用卡, yes, cloth, online,2,2,1,2,2,1, 华为, 联想, 普通品牌, Uzq25kGTEoKftLFsdS3
Female, countryside,3,5490,4701, 无, 无, yes, elec, offline,3,4,2,3,2,2, iphone, 惠普, 中档品牌, g8ASfb6Ns2L5MgtS6e
Male, city,1,2360,1390, 无, 花呗, yes, trval, online,2,4,2,2,2,1, 小米, 戴尔, 普通品牌, b79LtBWf46VvWN8MDlY
Male, city,1,1870,3768, 副业, 信用卡, yes, cloth, online,1,1,1,1,1,1, 华为, 联想, 普通品牌, TfbHpJzd6E453ncRraq
Female, township,2,3370,2666, 无, 花呗, yes, funny, online,2,4,2,2,2,2, 小米, 戴尔, 普通品牌, FU746WpXYrO3jHndaP
Male, city,1,2550,1736, 父母给予, 信用卡, no, cloth, online,2,2,1,2,2,1, 华为, 联想, 普通品牌, mvE7V0gCYQ6Y2Z8S2W
Female, township,2,2310,4849, 无, 借呗, no, funny, online,2,4,2,3,2,2, oppo, 苹果, 普通品牌, Uy3XZS50snDBpofhQk
Female, township,2,3760,6733, 无, 花呗, yes, funny, online,2,4,2,2,2,2, oppo, 苹果, 普通品牌, 3JzB1b0R24q6Yev5Ic
Male, city,1,1740,4440, 父母给予, 信用卡, no, cloth, online,2,2,1,2,2,1, 华为, 联想, 普通品牌, v28jrA4mJ3gKPinwY7
Female, countryside,3,5710,1782, 无, 无, yes, elec, offline,3,4,3,3,2,2, iphone, 惠普, 中档品牌, 8Sc2Ef3kQjGUrZHsWNp
Female, township,2,4830,4770, 无, 借呗, yes, funny, online,2,4,2,3,2,2, oppo, 华硕, 普通品牌, Yx30EOsfakrPQRdhH1X
Male, city,1,2080,1465, 无, 花呗, yes, trval, online,2,4,2,2,2,1, 小米, 戴尔, 普通品牌, cfEMOJpIiv0PbgtNa0x
Female, countryside,3,2980,1530, 无, 无, yes, elec, offline,3,4,2,3,2,2, iphone, 惠普, 中档品牌, osqVyJKn4uOrTYWz99
Male, city,1,2780,2215, 无, 花呗, yes, dict, online,2,3,2,2,2,1, 小米, 戴尔, 普通品牌, dF1z9ZuEsHA9OX4N5m
Male, city,1,2890,1398, 无, 花呗, yes, trval, online,2,4,2,2,2,1, 小米, 戴尔, 普通品牌, eGM7Jr65dQoA0izSmHk
Female, countryside,3,3950,6738, 无, 信用卡, no, elec, offline,3,4,3,3,2,2, iphone, other, 中档品牌, y140vU2l9XC83Ngmti
Female, countryside,3,4530,5036, 无, 信用卡, yes, cream, offline,3,4,3,1,2,2, iphone, other, 高档品牌, DpX0mT5GqEZLE1Jb6Py
Female, township,2,5560,5149, 无, 借呗, no, funny, online,2,4,2,3,2,2, oppo, 华硕, 中档品牌, jzVhbE2u1Olg9iLDNCW
Female, township,2,5140,2500, 无, 无, yes, study, online,3,4,2,3,2,2, iphone, 华硕, 中档品牌, Me3CpmsQlRhVjtdIK2
Female, township,2,2470,2034, 无, 京东白条, yes, study, online,3,4,2,3,2,2, iphone, 华硕, 中档品牌, bqxyJ19TOaUPxs697kZ
Female, countryside,3,5950,3556, 无, 信用卡, yes, cream, offline,3,4,3,3,2,2, iphone, other, 中档品牌, myNd0e1GAl2VjLSfw1H
Male, city,1,2930,4581, 副业, 信用卡, no, cloth, online,1,1,1,1,1,1, 华为, 联想, 普通品牌, M1IFDymvsWL3E50gH8
Female, countryside,3,3390,1481, 无, 无, yes, elec, offline,3,4,3,3,2,2, iphone, 惠普, 中档品牌, Vu2mxbBXqyW4prcKgLY
Male, city,1,2500,1435, 无, 花呗, no, trval, online,2,4,2,2,2,1, 小米, 戴尔, 普通品牌, TtSzARNKpG98nJwCUk8
Female, township,2,5090,6641, 无, 花呗, yes, funny, online,2,4,2,2,2,2, oppo, 苹果, 普通品牌, ax5uP2M3JwIrKiBbnCl
Female, countryside,3,4940,1838, 无, 信用卡, yes, cream, offline,3,4,3,3,2,2, iphone, other, 中档品牌, Zzpt4qBGfO1F4YhveA
Male, city,1,2490,4422, 信贷产品, 信用卡, yes, dict, online,2,3,2,2,2,1, 小米, 戴尔, 普通品牌, TMDSF2Q1psdwqkfACcu
Female, countryside,3,5200,2160, 无, 无, yes, elec, offline,3,4,3,3,2,2, iphone, 惠普, 中档品牌, 2VVhNjYEykbRStzAHp
Female, township,2,3740,6016, 无, 借呗, yes, funny, online,3,4,2,3,2,2, 魅族, 华硕, 中档品牌, h1CztCDMPiIFaT8d9vE
Female, township,2,4980,5046, 无, 借呗, yes, funny, online,3,4,2,3,2,2, 魅族, 华硕, 中档品牌, dnX6wUTQ3u6KmRxtpA
Male, city,1,1870,3677, 父母给予, 信用卡, yes, dict, online,2,3,2,2,2,1, 小米, 戴尔, 普通品牌, bXtluQfO9s2S40ZLVK
Male, city,1,2930,1433, 无, 花呗, no, trval, online,2,4,2,2,2,1, 小米, 戴尔, 普通品牌, QcK2ZSoJ97DQ8rG6anN
Male, city,1,2590,4453, 父母给予, 信用卡, no, cloth, online,2,2,1,2,2,1, 华为, 联想, 普通品牌, xKEn4NYubAzs1mSkbT
Male, city,1,2570,4698, 信贷产品, 信用卡, no, dict, online,2,3,2,2,2,1, 小米, 戴尔, 普通品牌, ONIiq7RmhS8gm1LoLe
Female, countryside,3,3180,5338, 无, 无, yes, elec, offline,3,4,3,3,2,2, iphone, 惠普, 中档品牌, gLFnrft7yOxYa51DsU
Male, city,1,2990,1302, 副业, 信用卡, yes, cloth, online,1,1,1,1,1,1, 华为, 联想, 普通品牌, NCNOGw02HmbitA6io0E
Female, township,2,3870,1564, 无, 借呗, no, funny, online,3,4,2,3,2,2, 魅族, 华硕, 中档品牌, 9m9yY4vRQjCVdQqWsFA
Female, countryside,3,5470,2312, 无, 信用卡, yes, cream, offline,3,4,3,1,2,2, iphone, other, 高档品牌, 73NPDWjQ1uqZLO9B6V
Male, city,1,1950,4380, 父母给予, 信用卡, no, cloth, online,2,2,1,2,2,1, 华为, 联想, 普通品牌, i1TmOiq4H5uVWBZFval
Male, city,1,2270,4973, 无, 花呗, no, dict, online,2,3,2,2,2,1, 小米, 戴尔, 普通品牌, etO1VuDTJXYGAl7gkd
Male, city,1,2630,1130, 副业, 信用卡, yes, cloth, online,1,1,1,1,1,1, 华为, 联想, 普通品牌, maWOsPbF1jVkpSuuJ8Q
Female, township,2,2780,1539, 无, 花呗, yes, funny, online,2,4,2,2,2,2, oppo, 苹果, 普通品牌, 6ryveXwvEqRV4CUhT27
Female, countryside,3,3970,1797, 无, 无, yes, elec, offline,3,4,3,3,2,2, iphone, 惠普, 中档品牌, K8OnqaEGGFx0bI9CHdm
Male, city,1,2870,1132, 副业, 信用卡, yes, cloth, online,2,2,1,1,2,1, 华为, 联想, 普通品牌, IxZkphG836yrL7zMU7
Female, township,2,4300,6732, 无, 借呗, no, funny, online,2,4,2,3,2,2, oppo, 苹果, 普通品牌, BPS20t06aZtsKoTpcr1
Female, township,2,4890,4578, 无, 借呗, yes, funny, online,2,4,2,3,2,2, oppo, 苹果, 普通品牌, a5FzPUQuSMb8skV2J3U
Female, countryside,3,4490,6428, 无, 无, yes, elec, offline,3,4,2,3,2,2, iphone, 惠普, 中档品牌, tENUqVeC5zW2i79yH1
Female, countryside,3,3000,7264, 无, 信用卡, no, elec, offline,3,4,3,3,2,2, iphone, 惠普, 中档品牌, retQxPJaLfuEs4bYm5G
Male, city,1,2030,3542, 信贷产品, 信用卡, no, dict, online,2,3,2,2,2,1, 小米, 戴尔, 普通品牌, ns8j7b7DYRaUz3FQtp
Female, township,2,4210,3114, 无, 京东白条, yes, study, online,3,4,2,3,2,2, 魅族, 华硕, 中档品牌, oTSynsk705wpzCxNFb
Male, city,1,2630,1901, 父母给予, 信用卡, yes, dict, online,2,3,1,2,2,1, 华为, 联想, 普通品牌, g7V3f6vmiyzchKf2dE8
Female, township,2,5130,5278, 无, 花呗, yes, funny, online,2,4,2,3,2,2, oppo, 苹果, 普通品牌, hW38lNEd0mIsfjLTOzy
Female, township,2,4580,1426, 无, 借呗, yes, funny, online,2,4,2,3,2,2, oppo, 苹果, 普通品牌, 5dH8jzordOH0D4kYs1p
Male, city,1,1830,3928, 无, 花呗, yes, dict, online,2,3,2,2,2,1, 小米, 戴尔, 普通品牌, w29nqoWjvVzakZeTh6
Male, city,1,2680,4726, 父母给予, 信用卡, yes, dict, online,2,3,2,2,2,1, 小米, 戴尔, 普通品牌, mapcGoRzeDXPtq23h5
Female, township,2,4790,4756, 无, 借呗, no, funny, online,2,4,2,3,2,2, oppo, 苹果, 普通品牌, pPOyMtDnSwJkRQi903
Female, countryside,3,5660,3264, 无, 信用卡, yes, elec, offline,3,4,3,3,2,2, iphone, other, 中档品牌, US453t1gXHjqR90GYa
Female, township,2,3370,4685, 无, 借呗, yes, funny, online,3,4,2,3,2,2, oppo, 华硕, 中档品牌, qLkeA0RmISrXp6kh1t
Female, countryside,3,5850,4622, 无, 无, no, elec, offline,3,4,3,3,2,2, iphone, 惠普, 中档品牌, rHCzgm0KFyBNAfoGv5
Male, city,2,4010,2395, 无, 花呗, yes, trval, online,2,4,2,2,2,1, 小米, 戴尔, 普通品牌, qNCk1Nrte9Wx6G800K
Female, countryside,3,4090,1733, 无, 信用卡, no, elec, offline,3,4,3,3,2,2, iphone, 惠普, 中档品牌, 074YrKYVjugeogp1zl
Male, city,1,1620,3278, 父母给予, 信用卡, no, dict, online,2,3,2,2,2,1, 华为, 联想, 普通品牌, xJ1pWFcvbhozQmU527
Female, township,2,4290,3201, 无, 花呗, no, funny, online,2,4,2,2,2,2, oppo, 苹果, 普通品牌, 0zRsh4ofHjSZMBGl9O
Female, township,2,3200,1892, 无, 无, yes, study, online,3,4,2,3,2,2, iphone, 华硕, 中档品牌, lXUnxNEcjFsaMP7rH6
Male, city,1,2960,4605, 副业, 信用卡, no, cloth, online,1,1,1,1,1,1, 华为, 联想, 普通品牌, 6yvBMnbefgxz9N2AWrG
Male, city,1,1720,4699, 副业, 信用卡, yes, cloth, online,1,1,1,1,1,1, 华为, 联想, 普通品牌, oThE6UHKD4a2imjJIa6
Female, countryside,3,4350,5756, 无, 无, no, elec, offline,3,4,2,3,2,2, iphone, 惠普, 中档品牌, jiVXK3sbIiQMd4hZL2N
Female, countryside,3,4710,2869, 无, 信用卡, yes, elec, offline,3,4,3,3,2,2, iphone, 惠普, 中档品牌, CS4OsqE1kjHvph6Z0c
Male, city,1,2150,3474, 副业, 信用卡, no, cloth, online,1,1,1,1,2,1, 华为, 联想, 普通品牌, MCvJOIkuEc6fTSGtYNH
Male, city,1,1770,4385, 父母给予, 信用卡, yes, cloth, online,2,2,1,1,2,1, 华为, 联想, 普通品牌, BVyScHlJkACrRRzdq4
Male, city,1,1890,1143, 父母给予, 信用卡, yes, cloth, online,2,3,1,2,2,1, 华为, 联想, 普通品牌, In57Np9SKMhDyoe5aq
Male, city,1,2170,858, 父母给予, 信用卡, yes, cloth, online,2,3,1,2,2,1, 华为, 联想, 普通品牌, 9CZdBO38zXfoIkgac18
Female, countryside,3,4580,5522, 无, 无, no, elec, offline,3,4,3,3,2,2, iphone, 惠普, 中档品牌, c4a9KeZ5qF2PQpRknI0
Male, city,1,2860,1413, 副业, 信用卡, yes, cloth, online,1,1,1,1,1,1, 华为, 联想, 普通品牌, yGa4wb6KO8Hl0DkhGX3
Male, city,1,2860,885, 父母给予, 信用卡, no, dict, online,2,3,2,2,2,1, 小米, 戴尔, 普通品牌, A9qMt2h1Hrpo64Za9BN
Male, city,1,2410,3162, 副业, 信用卡, yes, cloth, online,1,1,1,1,1,1, 华为, 联想, 普通品牌, afjFCnu9jQUibX59hI
Male, city,1,1890,862, 副业, 信用卡, no, cloth, online,2,2,1,1,2,1, 华为, 联想, 普通品牌, cF1GY0tLevZ3BFnSWJM
Female, township,2,2300,1560, 无, 借呗, yes, study, online,3,4,2,3,2,2, 魅族, 华硕, 中档品牌, oOh7v6cNlnYAQ31v8AP
Female, township,2,2410,2893, 无, 借呗, yes, funny, online,2,4,2,3,2,2, oppo, 华硕, 普通品牌, qnQtGfSPE194Jw4MbvS
Male, city,1,2230,2108, 副业, 信用卡, no, cloth, online,1,1,1,1,1,1, 华为, 联想, 普通品牌, V3uml0ACX0dadMWjRs
Male, city,1,1630,5166, 父母给予, 信用卡, yes, dict, online,2,3,2,2,2,1, 小米, 戴尔, 普通品牌, k9Tw9Zwhl8RCVs6mMLd
Female, countryside,3,3270,6166, 无, 信用卡, yes, other, offline,3,1,3,1,2,2, other, other, 高档品牌, RD7G9NFbT5WiwrBa4S
Female, township,2,2430,6577, 无, 京东白条, yes, study, online,3,4,2,3,2,2, 魅族, 华硕, 中档品牌, dFi4StxJgNYp3s3l2nc
Female, township,2,2750,2684, 无, 借呗, yes, funny, online,3,4,2,3,2,2, 魅族, 华硕, 中档品牌, XdU68tPZHwnR5VczC9
Female, countryside,3,5050,6768, 无, 信用卡, yes, cream, offline,3,4,3,1,2,2, iphone, other, 高档品牌, lcI2yKQ4TJDNV9LwKXq
Male, city,1,2760,3856, 父母给予, 信用卡, yes, cloth, online,2,2,1,1,2,1, 华为, 联想, 普通品牌, AK7ydLjZx4aFWVRNgtH
Male, city,1,2600,2095, 副业, 信用卡, yes, cloth, online,2,2,1,1,2,1, 华为, 联想, 普通品牌, 6EWFUlepjJfP9AugmS
Male, city,1,1930,4107, 父母给予, 信用卡, no, dict, online,2,3,2,2,2,1, 小米, 戴尔, 普通品牌, Re5kijlrHXaowK9U4M
Male, city,1,1860,1051, 无, 花呗, no, trval, online,2,4,2,2,2,1, 小米, 戴尔, 普通品牌, cSQxi9JngAbK2I6Wlf
Female, township,2,4200,1378, 无, 借呗, yes, funny, online,3,4,2,3,2,2, 魅族, 华硕, 中档品牌, KMAgs21Dwu5sFm8dSLh
Female, township,2,3520,2649, 无, 花呗, no, funny, online,2,4,2,2,2,2, oppo, 苹果, 普通品牌, CU6s61fqa27RySWlMVE
Female, township,2,3880,5534, 无, 花呗, yes, funny, online,2,4,2,2,2,2, oppo, 苹果, 普通品牌, ktyYM3bBGSJeR7C0an
Female, township,2,2600,1278, 无, 花呗, yes, funny, online,2,4,2,2,2,2, oppo, 苹果, 普通品牌, 1jWo7NBhAEsDF2QwatO
Female, township,2,2840,2167, 无, 花呗, yes, funny, online,2,4,2,2,2,2, oppo, 苹果, 普通品牌, LoBf39ISXYrzZYmbu5
Male, city,1,1820,1443, 信贷产品, 信用卡, yes, dict, online,2,3,2,2,2,1, 小米, 戴尔, 普通品牌, ZAOPH8BSq3ySv9Gvm5C
Male, city,1,2700,4273, 父母给予, 信用卡, yes, cloth, online,2,3,1,2,2,1, 华为, 联想, 普通品牌, Xjtkyz7G25alrivDHN
Male, city,1,2230,2193, 副业, 信用卡, yes, cloth, online,1,2,1,1,2,1, 华为, 联想, 普通品牌, Ch9rj5LacAHnB2kF8ez
Female, countryside,3,3440,2663, 无, 无, yes, elec, offline,3,4,2,3,2,2, iphone, 惠普, 中档品牌, S6KHHy9RYwxwWajn86
Male, city,1,2320,1179, 父母给予, 信用卡, no, dict, online,2,3,2,2,2,1, 小米, 戴尔, 普通品牌, BILK45wmE6wVDf4MIS
Male, township,2,4490,4988, 无, 花呗, yes, funny, online,2,4,2,2,2,2, 小米, 戴尔, 普通品牌, iASmUE8cNzm1dL0BJ5
Male, city,1,2090,1790, 副业, 信用卡, yes, cloth, online,1,1,1,1,1,1, 华为, 联想, 普通品牌, 1kSKWdip495RfFioVIc
Male, city,1,1800,2107, 父母给予, 信用卡, yes, dict, online,2,3,2,2,2,1, 小米, 戴尔, 普通品牌, iKvWyHgOsl9hDzBM4K
Female, township,2,2360,2005, 无, 京东白条, yes, study, online,3,4,2,3,2,2, 魅族, 华硕, 中档品牌, hsCoArgHbiSB4Gnpcu
Male, city,1,1980,1458, 副业, 信用卡, yes, cloth, online,1,1,1,1,1,1, 华为, 联想, 普通品牌, 4r6oPe3i97x1EFAnYb
Female, countryside,3,4190,3283, 无, 信用卡, no, cream, offline,3,4,3,1,2,2, iphone, other, 中档品牌, zv0yosgVfLJTDO2ucHs
Male, city,1,2090,1954, 父母给予, 信用卡, no, cloth, online,2,3,1,2,2,1, 华为, 联想, 普通品牌, rBLr04HObDf3kXSImne
Male, city,1,2100,1816, 父母给予, 信用卡, yes, cloth, online,2,2,1,2,2,1, 华为, 联想, 普通品牌, QVrFuGIkBTNgw5pzbd
Male, city,1,2320,2159, 父母给予, 信用卡, no, dict, online,2,3,2,2,2,1, 小米, 戴尔, 普通品牌, FQKZcu6sTW38jGbC8S
Male, city,1,1810,957, 父母给予, 信用卡, no, cloth, online,2,3,1,2,2,1, 华为, 联想, 普通品牌, 40VT3HBuWdlGrLiPDd
Female, township,2,3580,5405, 无, 花呗, yes, funny, online,2,4,2,2,2,2, oppo, 苹果, 普通品牌, 3PWuyEDaX8rzw67f7L
Female, township,2,2380,2907, 无, 借呗, no, funny, online,2,4,2,3,2,2, oppo, 华硕, 普通品牌, isKV1Zc9ghvtk0ZHPJ
Male, city,1,1860,1482, 信贷产品, 信用卡, yes, dict, online,2,3,2,2,2,1, 小米, 戴尔, 普通品牌, iITeu9HQw26lycHqo7
Male, city,1,2300,3512, 父母给予, 信用卡, no, cloth, online,2,2,1,1,2,1, 华为, 联想, 普通品牌, wa3Gde97XqcyMALUXob
Male, city,1,2680,3352, 父母给予, 信用卡, yes, cloth, online,2,3,1,2,2,1, 华为, 联想, 普通品牌, wsQoN9b4xczEvjYK75
Female, countryside,3,3800,2183, 无, 信用卡, yes, cream, offline,3,4,3,1,2,2, iphone, other, 中档品牌, bL8kPhraCR9E1xmGwV
Male, city,1,2510,1728, 父母给予, 信用卡, yes, dict, online,2,3,2,2,2,1, 小米, 戴尔, 普通品牌, DnaHo68Vy3QnJIGFd7F
Female, countryside,3,3900,4905, 无, 无, yes, elec, offline,3,4,2,3,2,2, iphone, 惠普, 中档品牌, mZrxSsjTg21t1ZVw7a
Male, city,1,2310,1578, 父母给予, 信用卡, no, cloth, online,2,2,1,1,2,1, 华为, 联想, 普通品牌, N1wjGZ7z29m5WkK8Tq
Male, city,1,2890,4065, 副业, 信用卡, yes, cloth, online,2,2,1,1,2,1, 华为, 联想, 普通品牌, CEkbAkl51HGmJ8TOQuI
Female, township,2,2770,1857, 无, 京东白条, no, study, online,3,4,2,3,2,2, 魅族, 华硕, 中档品牌, RpNTYCKM6IHocWSa321
Female, countryside,3,5400,5436, 无, 信用卡, no, cream, offline,3,4,3,3,2,2, iphone, other, 中档品牌, YkvpQ90lhZKxqi91W2
Male, city,1,1940,4146, 父母给予, 信用卡, no, cloth, online,2,2,1,1,2,1, 华为, 联想, 普通品牌, xs2MNnI2HL3pqWrlCu
Female, township,2,3470,4420, 无, 借呗, yes, funny, online,3,4,2,3,2,2, 魅族, 华硕, 中档品牌, YhNrI9JpfVC3PlARXb
Male, city,1,2020,2355, 父母给予, 信用卡, yes, dict, online,2,3,2,2,2,1, 华为, 联想, 普通品牌, 0qVymDdgnQC9NbRS59s
Female, township,2,4740,3264, 无, 借呗, no, funny, online,2,4,2,3,2,2, oppo, 华硕, 普通品牌, cq8hU4NIea3BZX1gMD
Male, city,1,2060,4434, 父母给予, 信用卡, yes, dict, online,2,3,2,2,2,1, 华为, 联想, 普通品牌, yFJYfZMvvPSRph6lOed
Female, countryside,3,4940,5134, 无, 信用卡, yes, cream, offline,3,4,3,1,2,2, iphone, other, 高档品牌, I2zta7rBRFYenZwMVW
Male, city,1,1730,1950, 父母给予, 信用卡, yes, cloth, online,2,2,1,1,2,1, 华为, 联想, 普通品牌, QHqRf8CgH1l66LGcVKv
Female, countryside,3,5220,5294, 无, 信用卡, no, elec, offline,3,4,3,3,2,2, iphone, 惠普, 中档品牌, LF9vX60ONTaldUnRMiA
Male, city,2,3690,5428, 无, 花呗, yes, trval, online,2,4,2,2,2,2, 小米, 戴尔, 普通品牌, ewWJQCfv59ApPyZ1qgY
Male, city,1,1970,901, 父母给予, 信用卡, yes, dict, online,2,3,2,2,2,1, 小米, 戴尔, 普通品牌, l55l1pJCbGQTi4okF7
Female, countryside,3,5610,6264, 无, 信用卡, no, cream, offline,3,4,3,1,2,2, iphone, other, 中档品牌, BThN3tYQSVwc8rWgyO
Male, city,1,1910,5140, 无, 花呗, yes, dict, online,2,3,2,2,2,1, 小米, 戴尔, 普通品牌, z8wx5NJDEYuv8CQtbK
Male, city,1,2550,5126, 父母给予, 信用卡, no, dict, online,2,3,2,2,2,1, 华为, 联想, 普通品牌, OQZ7IUH5Lfv0tU18b5
Female, countryside,3,5160,6648, 无, 无, yes, elec, offline,3,4,3,3,2,2, iphone, 惠普, 中档品牌, M7nK0uIoxMpvUhBz1ZJ
Female, township,2,5310,5082, 无, 借呗, yes, funny, online,2,4,2,3,2,2, oppo, 苹果, 普通品牌, I6OCK7ec0fkplQ5bVB2
Female, township,2,5180,1449, 无, 借呗, yes, funny, online,3,4,2,3,2,2, 魅族, 华硕, 中档品牌, LNy8T9iX5OWFwDBGEQa
Female, countryside,3,3450,2646, 无, 信用卡, yes, elec, offline,3,4,3,3,2,2, iphone, 惠普, 中档品牌, 1lA62bZTOJ4W6rdi5Xq
Female, township,2,4630,1969, 无, 京东白条, yes, study, online,3,4,2,3,2,2, 魅族, 华硕, 中档品牌, 7VcOH01YMSu9CqZlUs
Male, city,2,2460,5477, 无, 花呗, no, trval, online,2,4,2,2,2,2, 小米, 戴尔, 普通品牌, Lma4kQUYj22hrbvBL8y
Female, township,2,5550,6537, 无, 京东白条, yes, study, online,3,4,2,3,2,2, 魅族, 华硕, 中档品牌, aF6fmxpAshHc3n5BrL3
Male, city,1,2010,4529, 无, 花呗, yes, dict, online,2,3,2,2,2,1, 小米, 戴尔, 普通品牌, 2xOhIQxS9d2EZTXb7iN
Female, township,2,4800,2403, 无, 借呗, yes, funny, online,2,4,2,3,2,2, oppo, 苹果, 普通品牌, rNJq5hVjystD8dKLcX
Male, city,1,2330,3612, 副业, 信用卡, no, cloth, online,1,2,1,1,2,1, 华为, 联想, 普通品牌, xYjTShvW6ykFN7bsaP
Male, city,1,1680,964, 父母给予, 信用卡, yes, cloth, online,2,2,1,1,2,1, 华为, 联想, 普通品牌, 79FOBJ2Qqln6fkvEWu1
Male, city,1,2700,4248, 信贷产品, 信用卡, no, dict, online,2,3,2,2,2,1, 小米, 戴尔, 普通品牌, VpTKBQL83c36jURe20u
Male, city,1,2010,3813, 信贷产品, 信用卡, yes, dict, online,2,3,2,2,2,1, 小米, 戴尔, 普通品牌, CBlYXHRgMKE6hZeWt5
Female, township,3,5300,5540, 无, 无, yes, study, online,3,4,2,3,2,2, iphone, 华硕, 中档品牌, sRxmerIOZhiazEfnP1y
Male, city,1,1850,1226, 父母给予, 信用卡, yes, dict, online,2,3,2,2,2,1, 华为, 联想, 普通品牌, vEvZ9L0sireoP8WyGqf
Female, countryside,3,5040,6368, 无, 信用卡, no, cream, offline,3,4,3,1,2,2, iphone, other, 中档品牌, Dp1PcVp4zGSo0mlqGw9
Male, city,2,5120,6027, 无, 花呗, no, trval, online,2,4,2,2,2,1, 小米, 戴尔, 普通品牌, Rty2seAjOQIiXlxw8P
Female, township,2,3540,2390, 无, 借呗, yes, funny, online,2,4,2,3,2,2, oppo, 苹果, 普通品牌, mMrJogwtq7cA6fSp9A
Female, township,2,4950,2063, 无, 京东白条, no, study, online,3,4,2,3,2,2, iphone, 华硕, 中档品牌, 2qBjvFKJsXL0cVen7U
Male, city,2,3940,5162, 无, 花呗, no, trval, online,2,4,2,2,2,1, 小米, 戴尔, 普通品牌, AZlfmCypHIs4xqWQV9h
Female, township,2,5160,3065, 无, 花呗, no, funny, online,2,4,2,2,2,2, 小米, 苹果, 普通品牌, hTogjyP8C9t2urYsNpm
Female, countryside,3,5890,5273, 无, 无, no, elec, offline,3,4,3,3,2,2, iphone, 惠普, 中档品牌, kwhNDAQqB1CxjQj7rzO
Female, countryside,3,3200,2502, 无, 信用卡, no, cream, offline,3,4,3,3,2,2, iphone, other, 中档品牌, ZBMVQNwtInhFp450vK
Male, city,1,2730,1460, 副业, 信用卡, no, cloth, online,1,1,1,1,1,1, 华为, 联想, 普通品牌, 53oviDuGgkzhLalI7KP
Female, township,2,5470,2714, 无, 花呗, no, funny, online,2,4,2,2,2,2, oppo, 苹果, 普通品牌, esv3uSMs1W7SaIY680Z
Male, city,2,4060,5283, 无, 花呗, no, trval, online,2,4,2,2,2,2, 小米, 戴尔, 普通品牌, Y867mLbgHGRJ2wUrFV
Female, township,2,4000,5305, 无, 京东白条, no, study, online,3,4,2,3,2,2, 魅族, 华硕, 中档品牌, ah5qFukyxPb6Qpe1j6T
Male, city,1,1820,2438, 父母给予, 信用卡, yes, dict, online,2,3,2,2,2,1, 华为, 联想, 普通品牌, IpjDvhOC5iM8kPqoNzK
Male, city,1,1990,2462, 无, 花呗, no, trval, online,2,4,2,2,2,1, 小米, 戴尔, 普通品牌, 7qznl8GgJ21hpTBKknO
Male, city,1,2010,1873, 父母给予, 信用卡, no, cloth, online,2,2,1,2,2,1, 华为, 联想, 普通品牌, cVyIHV8tjo72u7xYRW
Male, city,1,2600,840, 无, 花呗, yes, trval, online,2,4,2,2,2,1, 小米, 戴尔, 普通品牌, HFYdh8DyoS1OWJ4kte
Male, city,2,3880,1763, 无, 花呗, no, trval, online,2,4,2,2,2,1, 小米, 戴尔, 普通品牌, TL329IfDc72uyehuRq
Female, township,2,5500,2405, 无, 借呗, yes, funny, online,2,4,2,3,2,2, oppo, 华硕, 普通品牌, z5IhWlSCoeHEn9Yfer
Male, city,1,2670,4837, 无, 花呗, yes, dict, online,2,3,2,2,2,1, 小米, 戴尔, 普通品牌, Y1IJe8nMrlmH3f0zoO2
Male, township,2,3680,3195, 无, 花呗, no, funny, online,2,4,2,2,2,2, 小米, 戴尔, 普通品牌, xyhIoYNK3R7zjdQE1gf
Female, countryside,3,2890,5693, 无, 信用卡, yes, cream, offline,3,4,3,3,2,2, iphone, other, 中档品牌, Za8UYfhPHBgvdC6PK8
Male, city,1,2900,4916, 父母给予, 信用卡, no, dict, online,2,3,2,2,2,1, 华为, 联想, 普通品牌, PVllG9qBsuByO9bYtD
Female, township,2,4270,4870, 无, 京东白条, yes, study, online,3,4,2,3,2,2, 魅族, 华硕, 中档品牌, 6z5xIkilXNetGXW5DA
Male, city,1,2950,5209, 副业, 信用卡, no, cloth, online,1,1,1,1,1,1, 华为, 联想, 普通品牌, 4i7lmr0ofgGyXRWXnk6
Female, countryside,3,4310,4682, 无, 无, no, elec, offline,3,4,3,3,2,2, iphone, 惠普, 中档品牌, gC610SUb25BdFxIyji
Female, township,2,4440,5185, 无, 花呗, no, funny, online,2,4,2,2,2,2, 小米, 戴尔, 普通品牌, ONfa0rZsTPvib2UEVK
Female, countryside,3,4760,7035, 无, 信用卡, yes, cream, offline,3,4,3,1,2,2, other, other, 高档品牌, v5zXdoe4cuWDwQxpmB9
Female, countryside,3,5440,2910, 无, 信用卡, yes, elec, offline,3,4,3,3,2,2, iphone, other, 中档品牌, ZGCepk7ZFKaVw3u5TuI
Male, city,1,2660,4644, 父母给予, 信用卡, yes, dict, online,2,3,1,2,2,1, 华为, 联想, 普通品牌, vLl20xfmreaXS0bIhA
Male, city,1,2740,4518, 副业, 信用卡, yes, cloth, online,1,1,1,1,2,1, 华为, 联想, 普通品牌, 6QSDo9CGEbAkRWgJ83Z
Female, countryside,3,5100,7046, 无, 信用卡, yes, other, offline,3,1,3,1,2,2, other, other, 高档品牌, Mp8KnCXeYNjLMD4Sk2G
Male, city,1,1790,820, 父母给予, 信用卡, yes, dict, online,2,3,1,2,2,1, 华为, 联想, 普通品牌, CDfztZvy1N76F9TxMVc
Male, city,1,2400,2079, 无, 花呗, no, trval, online,2,4,2,2,2,1, 小米, 戴尔, 普通品牌, 2jxeyZnSzA3THc8RbHt
Male, city,1,1970,3448, 父母给予, 信用卡, no, cloth, online,2,2,1,2,2,1, 华为, 联想, 普通品牌, ePy3YL9W3HpGGEpS5ZA
Male, city,1,2950,4654, 副业, 信用卡, yes, cloth, online,2,2,1,1,2,1, 华为, 联想, 普通品牌, YzTP2c4RDYZcVn680Gp
Male, township,2,3340,2416, 无, 花呗, no, trval, online,2,4,2,2,2,2, 小米, 戴尔, 普通品牌, vs42uqDh7XQQAgdkLk
Female, countryside,3,2810,2693, 无, 无, no, elec, offline,3,4,3,3,2,2, iphone, 惠普, 中档品牌, AsmB3Nb6Fhc2zaitWZ
Male, city,1,2440,865, 副业, 信用卡, no, cloth, online,1,1,1,1,2,1, 华为, 联想, 普通品牌, 4YQTbT0MlPwvkVGz7Fj
Male, city,1,1730,1721, 父母给予, 信用卡, no, cloth, online,2,2,1,2,2,1, 华为, 联想, 普通品牌, EoNklmXLDqPZYHT55B
Female, countryside,3,3760,6996, 无, 信用卡, yes, cream, offline,3,4,3,3,2,2, iphone, other, 中档品牌, T57l4q9JIvy1HeWct1
Female, countryside,3,5040,2280, 无, 信用卡, yes, cream, offline,3,4,3,3,2,2, iphone, other, 中档品牌, 5bVi2S8nYetahKPFj6
Male, city,1,2910,4451, 父母给予, 信用卡, yes, cloth, online,2,2,1,2,2,1, 华为, 联想, 普通品牌, vLsdWEutvNBUIX13JS
Male, city,1,2560,1525, 父母给予, 信用卡, yes, dict, online,2,3,2,2,2,1, 小米, 戴尔, 普通品牌, 1UtfqKSFIX8O5Yg2vuk
Male, city,1,1840,3147, 父母给予, 信用卡, no, cloth, online,2,2,1,2,2,1, 华为, 联想, 普通品牌, MESnLK5JaqOYU9HlXwz
Male, city,1,1670,4058, 父母给予, 信用卡, no, dict, online,2,3,2,2,2,1, 小米, 戴尔, 普通品牌, MR9D3Y1GoC5PgvTF06
Female, township,2,2880,6189, 无, 京东白条, yes, study, online,3,4,2,3,2,2, 魅族, 华硕, 中档品牌, uj6SJnF3gQ7M465qVe
Male, city,1,2260,3453, 副业, 信用卡, no, cloth, online,1,1,1,1,1,1, 华为, 联想, 普通品牌, jaR6BtnU50sl4QlOhd
Female, township,2,2780,2409, 无, 借呗, yes, study, online,3,4,2,3,2,2, 魅族, 华硕, 中档品牌, fBkeaoOawt46Y0E543s
Female, township,2,4690,2526, 无, 借呗, no, study, online,3,4,2,3,2,2, 魅族, 华硕, 中档品牌, s8YEKy5OvcAfm6bU9DN
Female, countryside,3,4730,3196, 无, 信用卡, no, elec, offline,3,4,3,3,2,2, iphone, other, 中档品牌, nwSsclg1TytR9PNR9i
Male, city,1,1770,3856, 父母给予, 信用卡, yes, dict, online,2,3,1,2,2,1, 华为, 联想, 普通品牌, 7JxhtjIKDO6LPNukwlR
Male, township,2,3390,3007, 无, 花呗, yes, trval, online,2,4,2,2,2,2, 小米, 戴尔, 普通品牌, IqTDLX6mhcp9Llf0gO
Female, township,2,3340,4368, 无, 借呗, no, funny, online,2,4,2,3,2,2, oppo, 苹果, 普通品牌, tPJFLms4pyyi9zrMUNS
Male, city,1,2650,1743, 信贷产品, 信用卡, yes, dict, online,2,3,2,2,2,1, 小米, 戴尔, 普通品牌, 1AhkolZMPfBnqD9Yu4d
Female, countryside,3,5020,2891, 无, 无, yes, elec, offline,3,4,3,3,2,2, iphone, 惠普, 中档品牌, tM5Ek039QbIFSP2TyL
Female, township,2,5250,2977, 无, 花呗, no, funny, online,2,4,2,2,2,2, oppo, 苹果, 普通品牌, D1e4sIvqXUQswKpZ0k
Female, countryside,3,4940,2653, 无, 无, yes, elec, offline,3,4,2,3,2,2, iphone, 惠普, 中档品牌, l8qKhAUf3jgnCbB7VaJ
Male, city,1,2360,4524, 父母给予, 信用卡, yes, cloth, online,2,3,1,2,2,1, 华为, 联想, 普通品牌, QW7unI6ssZoF9dzlTX
Female, township,2,3390,2144, 无, 花呗, yes, funny, online,2,4,2,3,2,2, oppo, 苹果, 普通品牌, hUPGfQtF9d97opHSTb
Male, city,1,1620,4974, 父母给予, 信用卡, no, cloth, online,2,2,1,1,2,1, 华为, 联想, 普通品牌, 8kFmdj7guE2WDhcpf5i
Male, city,1,1610,5073, 无, 花呗, no, dict, online,2,3,2,2,2,1, 小米, 戴尔, 普通品牌, udMMRmXCv93WaYayPt
Female, township,2,3600,2311, 无, 花呗, no, funny, online,2,4,2,2,2,2, 小米, 苹果, 普通品牌, zXA33CyVsFepUD90IJp
Male, city,1,1960,2017, 无, 花呗, yes, dict, online,2,3,2,2,2,1, 小米, 戴尔, 普通品牌, T29pRs8qOMAi16EwDve
Female, countryside,3,3410,1681, 无, 信用卡, yes, cream, offline,3,4,3,1,2,2, iphone, other, 中档品牌, qzKM2yx9r7QBuP3Tdpf
Female, countryside,3,4940,1818, 无, 无, yes, elec, offline,3,4,2,3,2,2, iphone, 惠普, 中档品牌, 8ods1F7CPd0cRTWaQ9t
Male, city,1,1800,2090, 父母给予, 信用卡, yes, cloth, online,2,2,1,2,2,1, 华为, 联想, 普通品牌, yPFU1eOxlrI1cj4aKh
Male, city,1,1740,848, 副业, 信用卡, yes, cloth, online,1,2,1,1,2,1, 华为, 联想, 普通品牌, NZh5b97KuJRdmPSm2XB
Male, city,1,2770,4046, 副业, 信用卡, yes, cloth, online,1,2,1,1,2,1, 华为, 联想, 普通品牌, 2KhoscHWeRHdMrU0O9
Female, countryside,3,3410,5290, 无, 信用卡, yes, cream, offline,3,4,3,3,2,2, iphone, other, 中档品牌, OmP32UKbmoSjns67i0
Female, countryside,3,3140,7286, 无, 无, no, elec, offline,3,4,2,3,2,2, iphone, 惠普, 中档品牌, TAUxPcjVerY1sfR86C
Female, countryside,3,4460,2287, 无, 信用卡, no, cream, offline,3,4,3,1,2,2, iphone, other, 高档品牌, zcEMbaIQsyv7pGIxi3
Male, city,1,2270,1394, 无, 花呗, yes, dict, online,2,3,2,2,2,1, 小米, 戴尔, 普通品牌, l15fyo6IrJDwKVhEOj
Male, city,1,2950,1831, 父母给予, 信用卡, yes, cloth, online,2,2,1,2,2,1, 华为, 联想, 普通品牌, aVdgyPvw2vL1lHiEzs
Male, city,1,1860,1541, 副业, 信用卡, no, cloth, online,1,1,1,1,1,1, 华为, 联想, 普通品牌, rG49QRF60DjCOHmeo2W
Male, city,1,2170,4997, 父母给予, 信用卡, yes, dict, online,2,3,1,2,2,1, 华为, 联想, 普通品牌, SuIWhaxm2n3ZgGvXOK
Female, countryside,3,5660,3403, 无, 无, yes, elec, offline,3,4,3,3,2,2, iphone, 惠普, 中档品牌, 1x3BPH4aRzTq00eFEL
Male, township,2,4050,4226, 无, 花呗, no, funny, online,2,4,2,2,2,2, 小米, 戴尔, 普通品牌, 1R8T2oUbDFOJMgbFws
Male, city,1,2240,4904, 副业, 信用卡, no, cloth, online,1,1,1,1,1,1, 华为, 联想, 普通品牌, CjwqAUnw3QDbzcoB4Kd
Male, city,2,5070,1719, 无, 花呗, yes, trval, online,2,4,2,2,2,1, 小米, 戴尔, 普通品牌, gSHlR3nwxqnBkTPvdb
Female, township,2,4000,5960, 无, 花呗, no, funny, online,2,4,2,2,2,2, oppo, 苹果, 普通品牌, WcE6jOZYnBUQ0MSqvP
Male, city,1,2020,4355, 副业, 信用卡, no, cloth, online,1,1,1,1,1,1, 华为, 联想, 普通品牌, B0mrKC02AV8o1NdyRW
Female, countryside,3,4520,5898, 无, 无, no, elec, offline,3,4,2,3,2,2, iphone, 惠普, 中档品牌, tfHNE4dkQriaeAW2Sy
Male, city,1,2540,4356, 父母给予, 信用卡, yes, dict, online,2,3,2,2,2,1, 小米, 戴尔, 普通品牌, c0MTDO98tFrdsfEtC2w
Male, city,1,2480,3738, 父母给予, 信用卡, no, dict, online,2,3,2,2,2,1, 小米, 戴尔, 普通品牌, j3nr2tIHB7S9ywWwfb
Female, township,2,3020,6706, 无, 京东白条, yes, study, online,3,4,2,3,2,2, 魅族, 华硕, 中档品牌, nwfGas453PBFcNQ9yZJ
Male, city,1,2310,1852, 父母给予, 信用卡, no, dict, online,2,3,2,2,2,1, 小米, 戴尔, 普通品牌, mT1IX84oKSaRP2NBnC
Male, city,1,2540,2347, 父母给予, 信用卡, no, dict, online,2,3,1,2,2,1, 华为, 联想, 普通品牌, axwCNEkuX4fKi05AOo
Female, township,2,3580,1353, 无, 京东白条, no, study, online,3,4,2,3,2,2, 魅族, 华硕, 中档品牌, wrI405he0FUovDZsB1C
Female, township,2,3580,4213, 无, 借呗, yes, funny, online,3,4,2,3,2,2, 魅族, 华硕, 中档品牌, neMprUTvh0kwT9B3W3h
Female, township,2,4030,4656, 无, 借呗, no, study, online,3,4,2,3,2,2, 魅族, 华硕, 中档品牌, T7eo6aGbDHN5XMFiJrV
Female, township,2,3440,6550, 无, 借呗, yes, funny, online,3,4,2,3,2,2, oppo, 华硕, 中档品牌, YDEC50v88xx1lPiTy9
Male, city,1,1930,4579, 父母给予, 信用卡, yes, dict, online,2,3,2,2,2,1, 华为, 联想, 普通品牌, Kz36DBaN7Oqb2CHTxU
Female, township,2,4670,1580, 无, 借呗, yes, funny, online,3,4,2,3,2,2, 魅族, 华硕, 中档品牌, qvmi4rEfALTQBMRp87
Female, township,2,4600,5940, 无, 花呗, yes, funny, online,2,4,2,2,2,2, oppo, 苹果, 普通品牌, kei2j4uw5HLfMCxvny9
Female, countryside,3,4840,1795, 无, 信用卡, yes, cream, offline,3,4,3,3,2,2, iphone, other, 中档品牌, KIeNP2YiAn9y35Q27M
Male, city,1,1810,3740, 副业, 信用卡, no, cloth, online,1,2,1,1,2,1, 华为, 联想, 普通品牌, q7gSl5FK2bSDa5Uw8X
Male, city,1,2750,882, 无, 花呗, yes, dict, online,2,3,2,2,2,1, 小米, 戴尔, 普通品牌, f8duZBxeF04Jo5HDPL6
Male, city,1,2720,3168, 父母给予, 信用卡, yes, dict, online,2,3,2,2,2,1, 华为, 联想, 普通品牌, a1kKTXhDljGJHf73ne
Female, township,2,3310,2304, 无, 借呗, no, funny, online,3,4,2,3,2,2, 魅族, 华硕, 中档品牌, ToUI9FXK4aSpiPbHBG
Female, township,2,4750,2801, 无, 花呗, no, funny, online,2,4,2,2,2,2, oppo, 苹果, 普通品牌, L8c1XT3znImRHOrbPBQ
Female, township,2,4070,2812, 无, 花呗, yes, funny, online,2,4,2,3,2,2, oppo, 苹果, 普通品牌, ADyeP2UTJe5aupt9RkV
Female, township,2,5090,2227, 无, 借呗, yes, funny, online,3,4,2,3,2,2, 魅族, 华硕, 中档品牌, bZU9o0bmGX5fK8zMNIq
Male, city,1,2350,1180, 副业, 信用卡, yes, cloth, online,1,1,1,1,1,1, 华为, 联想, 普通品牌, F1UsGjoXEtK9pBnLR1
Female, township,2,3900,1634, 无, 借呗, no, funny, online,3,4,2,3,2,2, 魅族, 华硕, 中档品牌, JLpthgd389hmAn1Ij60
Female, township,2,2860,1388, 无, 花呗, yes, funny, online,2,4,2,2,2,2, oppo, 苹果, 普通品牌, 6obTMMxFuEsOId2Vyv
Female, countryside,3,4090,2798, 无, 信用卡, yes, elec, offline,3,4,3,3,2,2, iphone, 惠普, 中档品牌, y1dxu7GRocHXEfQmA6
Female, countryside,3,4840,5665, 无, 信用卡, no, other, offline,3,1,3,1,2,2, other, other, 高档品牌, dP4I2ytVNuaA3ZuCDX
Male, city,1,2930,2004, 副业, 信用卡, yes, cloth, online,1,1,1,1,1,1, 华为, 联想, 普通品牌, rVm7gsyfJ0TDY0Rl9S4
Male, city,1,2900,4307, 无, 信用卡, no, dict, online,2,3,2,2,2,1, 小米, 戴尔, 普通品牌, ap6OWzeV5byKyDRLq9
Male, city,1,1740,3721, 无, 花呗, yes, dict, online,2,3,2,2,2,1, 小米, 戴尔, 普通品牌, FRZyUNfm7hJFcG83WwP
Female, countryside,3,5860,2034, 无, 信用卡, no, elec, offline,3,4,3,3,2,2, iphone, other, 中档品牌, cQF6Zyqb38URsrdJemn
Male, township,2,3830,2006, 无, 花呗, yes, trval, online,2,4,2,2,2,2, 小米, 戴尔, 普通品牌, x8909V4f75aHNbYKpp
Male, city,1,2040,5017, 副业, 信用卡, no, cloth, online,1,1,1,1,1,1, 华为, 联想, 普通品牌, BUu75GKHo7mV2d0PIj
Female, countryside,3,4720,5801, 无, 无, no, elec, offline,3,4,2,3,2,2, iphone, 惠普, 中档品牌, mhs9jQcv0o4n7ClvRK0
Female, countryside,3,4580,4826, 无, 无, yes, elec, offline,3,4,3,3,2,2, iphone, 惠普, 中档品牌, XhuoZ08Njw0TUGaJDL
Female, countryside,3,5990,4950, 无, 信用卡, no, cream, offline,3,4,3,1,2,2, iphone, other, 中档品牌, 5TZ8Khm5LWJc63BHsFg
Female, countryside,3,5050,2635, 无, 无, yes, study, offline,3,4,2,3,2,2, iphone, 华硕, 中档品牌, yPN7CnXVNg7DkwLhtQr
Female, countryside,3,5950,3601, 无, 无, no, elec, offline,3,4,3,3,2,2, iphone, 惠普, 中档品牌, 5iIcvwPUQ0u9xTAbBgY
Female, countryside,3,4130,6197, 无, 无, yes, study, offline,3,4,2,3,2,2, iphone, 华硕, 中档品牌, aZz6BIg0j1c6i2Nk8E
Female, township,2,4890,2787, 无, 花呗, yes, funny, online,2,4,2,2,2,2, 小米, 苹果, 普通品牌, Us7xZZOqDcL39b8qze
Female, township,2,2820,6115, 无, 借呗, yes, funny, online,3,4,2,3,2,2, 魅族, 华硕, 中档品牌, sw6mV0TiCaZkPNSnOxZ
Female, countryside,3,3990,2199, 无, 无, no, elec, offline,3,4,3,3,2,2, iphone, 惠普, 中档品牌, wSHTBF86dArnc03G9s
Female, countryside,3,3120,3383, 无, 信用卡, yes, cream, offline,3,4,3,1,2,2, iphone, other, 高档品牌, R23fFxMyTAn48Xr2CJV
Female, township,2,2860,5672, 无, 借呗, yes, funny, online,2,4,2,3,2,2, oppo, 苹果, 普通品牌, vGL2DQFDKECaZxUgh1P
Female, township,2,3790,4201, 无, 借呗, yes, funny, online,3,4,2,3,2,2, 魅族, 华硕, 中档品牌, t0cu8jH4KlC5l2pUnd
Female, township,2,3370,1786, 无, 京东白条, yes, study, online,3,4,2,3,2,2, 魅族, 华硕, 中档品牌, rX9BtvM8ACx2JkWgHI
Female, countryside,3,4360,3146, 无, 无, yes, elec, offline,3,4,3,3,2,2, iphone, 惠普, 中档品牌, ZhInN6H8lSXoLAzgaT
